деньги в долг срочно,деньги в долг срочно,Тайтл, ага,http://123123123.ru,<p>Кейвордс<br></p>,<p>Дескрипшн<br></p>,<p>Контент 1<br></p>,H1 тут,h2 тут,h3 здесь (изменено редактором),Анонс, ага,Ну и стронг
деньги в долг,,,,,,,,,,,
деньги в долг под расписку,,,,,,,,,,,
быстрые деньги,,,,,,,,,,,
срочно нужны деньги,,,,,,,,,,,
деньги онлайн,,,,,,,,,,,
помогите деньгами,,,,,,,,,,,
деньги до зарплаты,,,,,,,,,,,
срочно нужны деньги в долг,,,,,,,,,,,
деньги на дом,,,,,,,,,,,
онлайн игры на деньги,,,,,,,,,,,
срочно деньги,,,,,,,,,,,
срочные деньги,,,,,,,,,,,
дам деньги в долг,,,,,,,,,,,
даю деньги в долг,,,,,,,,,,,
даем деньги в долг,,,,,,,,,,,
дать деньги в долг,,,,,,,,,,,
деньги под проценты,,,,,,,,,,,
деньги сразу,,,,,,,,,,,
интим за деньги,,,,,,,,,,,
деньги в долг под расписку от частного лица,,,,,,,,,,,
дам деньги,,,,,,,,,,,
даем деньги,,,,,,,,,,,
деньги дай,,,,,,,,,,,
деньги в долг даем деньги,,,,,,,,,,,
деньги за час,,,,,,,,,,,
отдамся за деньги,,,,,,,,,,,
деньги сущность денег функции денег,,,,,,,,,,,
срочно срочно нужны деньги,,,,,,,,,,,
нужны деньги,,,,,,,,,,,
мгновенные деньги,,,,,,,,,,,
деньги мгновенно,,,,,,,,,,,
деньги под расписку,,,,,,,,,,,
дам деньги в долг под расписку,,,,,,,,,,,
даю деньги в долг под расписку,,,,,,,,,,,
дают деньги в долг под расписку,,,,,,,,,,,
дал деньги в долг под расписку,,,,,,,,,,,
деньги частные займы частным лицам,,,,,,,,,,,
минет за деньги,,,,,,,,,,,
срочно нужны деньги плохая кредитная история,,,,,,,,,,,
взять деньги в долг,,,,,,,,,,,
деньги в долг срочно с плохой кредитной историей,,,,,,,,,,,
деньги в займы,,,,,,,,,,,
взять деньги в долг у частного лица,,,,,,,,,,,
занять деньги,,,,,,,,,,,
интернет деньги,,,,,,,,,,,
дам деньги в долг под проценты,,,,,,,,,,,
даю деньги в долг под проценты,,,,,,,,,,,
даем деньги в долг под проценты,,,,,,,,,,,
дайте деньги в долг под проценты,,,,,,,,,,,
срочно нужны деньги в долг под расписку,,,,,,,,,,,
быстрые деньги в долг,,,,,,,,,,,
быстро деньги в долг,,,,,,,,,,,
деньги дома,,,,,,,,,,,
вложить деньги под проценты,,,,,,,,,,,
деньги под проценты у частного лица,,,,,,,,,,,
деньги наличными,,,,,,,,,,,
дам деньги в долг частное лицо,,,,,,,,,,,
частное лицо даст деньги в долг,,,,,,,,,,,
чaстноe лицо дам деньги в долг,,,,,,,,,,,
деньги в рассрочку,,,,,,,,,,,
быстрые деньги займ,,,,,,,,,,,
деньги взаймы,,,,,,,,,,,
срочный займ займу деньги,,,,,,,,,,,
деньги в долг с плохой кредитной историей,,,,,,,,,,,
деньги срочно с плохой кредитной историей,,,,,,,,,,,
дам деньги под проценты,,,,,,,,,,,
даю деньги под проценты,,,,,,,,,,,
дать деньги под проценты,,,,,,,,,,,
займу деньги под расписку,,,,,,,,,,,
займу деньги под проценты,,,,,,,,,,,
вложу деньги в бизнес,,,,,,,,,,,
деньги в займы срочно,,,,,,,,,,,
возьму деньги под проценты,,,,,,,,,,,
дам деньги под расписку,,,,,,,,,,,
даю деньги под расписку,,,,,,,,,,,
даем деньги под расписку,,,,,,,,,,,
взять деньги в долг под расписку,,,,,,,,,,,
деньги ру,,,,,,,,,,,
деньги в долг теле2,,,,,,,,,,,
деньги в долг без банка,,,,,,,,,,,
деньги в долг без банков,,,,,,,,,,,
деньги под честное слово,,,,,,,,,,,
деньги день в день,,,,,,,,,,,
возьму деньги в долг под проценты у частного лица,,,,,,,,,,,
деньги в банк под проценты,,,,,,,,,,,
занять деньги срочно,,,,,,,,,,,
деньги до зарплаты онлайн,,,,,,,,,,,
взять деньги в долг срочно,,,,,,,,,,,
срочный взять деньги в долг,,,,,,,,,,,
любовь за деньги,,,,,,,,,,,
деньги в долг под проценты,,,,,,,,,,,
деньги взаймы срочно,,,,,,,,,,,
деньги всем,,,,,,,,,,,
деньги в день обращения,,,,,,,,,,,
занять деньги в долг,,,,,,,,,,,
деньги под расписку срочно,,,,,,,,,,,
одолжу деньги,,,,,,,,,,,
срочно нужны деньги помогите,,,,,,,,,,,
деньги срочный займ,,,,,,,,,,,
доступные деньги,,,,,,,,,,,
занять деньги у частного лица,,,,,,,,,,,
моментальные деньги,,,,,,,,,,,
срочные деньги в долг от частного лица,,,,,,,,,,,
соцопросы за деньги,,,,,,,,,,,
займу деньги ру,,,,,,,,,,,
деньги в долг по паспорту,,,,,,,,,,,
помощь деньгами,,,,,,,,,,,
онлайн деньги в долг,,,,,,,,,,,
дам деньги в долг срочно,,,,,,,,,,,
даю деньги в долг срочно,,,,,,,,,,,
возьму деньги под проценты у частного лица,,,,,,,,,,,
срочно деньги под проценты,,,,,,,,,,,
срочно взять срочно деньги в долг,,,,,,,,,,,
деньги получить,,,,,,,,,,,
деньги наличными в день обращения,,,,,,,,,,,
взять деньги,,,,,,,,,,,
деньги на бизнеса,,,,,,,,,,,
очень срочно нужны деньги,,,,,,,,,,,
срочно нужны деньги в долг с плохой кредитной историей,,,,,,,,,,,
возьму деньги в долг под проценты,,,,,,,,,,,
деньги за 15 минут,,,,,,,,,,,
деньги в долг срочно под расписку,,,,,,,,,,,
деньги в долг в нсс,,,,,,,,,,,
быстрые деньги онлайн,,,,,,,,,,,
как вернуть деньги по расписке,,,,,,,,,,,
очень нужны деньги,,,,,,,,,,,
нужны деньги в долг,,,,,,,,,,,
микро деньги,,,,,,,,,,,
деньги на дом срочно,,,,,,,,,,,
дам деньги на бизнес,,,,,,,,,,,
банк быстро деньги,,,,,,,,,,,
деньги до зарплаты франшиза,,,,,,,,,,,
частные деньги,,,,,,,,,,,
деньги по паспорту,,,,,,,,,,,
взять деньги в долг с плохой кредитной историей,,,,,,,,,,,
деньги в долг срочно с 18 лет,,,,,,,,,,,
деньги с плохой кредитной историей,,,,,,,,,,,
срочные деньги в долг с 18 лет,,,,,,,,,,,
деньги в долг безработным,,,,,,,,,,,
куни за деньги,,,,,,,,,,,
микрофинанс деньги сразу,,,,,,,,,,,
деньги без справок и поручителей,,,,,,,,,,,
даю деньги в долг без залога,,,,,,,,,,,
дам деньги в долг без залога,,,,,,,,,,,
одолжу деньги под проценты,,,,,,,,,,,
взять деньги под расписку,,,,,,,,,,,
деньги в долг до зарплаты,,,,,,,,,,,
даем деньги ру,,,,,,,,,,,
дам деньги ру,,,,,,,,,,,
нано деньги,,,,,,,,,,,
деньги частный займ,,,,,,,,,,,
деньги в долг под расписку без залога,,,,,,,,,,,
нужны деньги под проценты,,,,,,,,,,,
деньги без проблем,,,,,,,,,,,
взять деньги быстро,,,,,,,,,,,
взять быстрые деньги,,,,,,,,,,,
мгновенные деньги онлайн заявка,,,,,,,,,,,
центрозайм деньги до зарплаты,,,,,,,,,,,
быстрые деньги до зарплаты,,,,,,,,,,,
деньги до получки,,,,,,,,,,,
деньги до зарплаты быстро,,,,,,,,,,,
срочно нужны деньги под проценты,,,,,,,,,,,
пересплю за деньги,,,,,,,,,,,
деньги взаймы под проценты,,,,,,,,,,,
срочно взять деньги,,,,,,,,,,,
деньги в долг срочно у частного лица,,,,,,,,,,,
взять деньги в рассрочку,,,,,,,,,,,
обои для рабочего стола деньги рубли,,,,,,,,,,,
деньги в долг объявления,,,,,,,,,,,
деньги на малого бизнеса,,,,,,,,,,,
деньги в долг без процентов,,,,,,,,,,,
деньги в кармане,,,,,,,,,,,
деньги в долг деньги до зарплаты,,,,,,,,,,,
деньги в долг без залога,,,,,,,,,,,
деньги без залога и поручителей,,,,,,,,,,,
получит деньги быстро,,,,,,,,,,,
быстрые деньги получить,,,,,,,,,,,
деньги без банка,,,,,,,,,,,
деньги людям,,,,,,,,,,,
занять деньги до зарплаты,,,,,,,,,,,
нужны деньги с плохой кредитной историей,,,,,,,,,,,
кто дает деньги под проценты,,,,,,,,,,,
дам деньги под проценты срочно,,,,,,,,,,,
дам деньги в долг срочно деньги,,,,,,,,,,,
ищу деньги в долг,,,,,,,,,,,
деньги с 18 лет,,,,,,,,,,,
занять деньги быстро,,,,,,,,,,,
дайте деньги срочно под проценты,,,,,,,,,,,
дам деньги под проценты у частного лица,,,,,,,,,,,
нужна помощь деньгами,,,,,,,,,,,
деньги в долг в гродно,,,,,,,,,,,
даю деньги под проценты у частных лиц,,,,,,,,,,,
дам в рот за деньги,,,,,,,,,,,
деньги студентам,,,,,,,,,,,
если срочно нужны деньги что делать,,,,,,,,,,,
объявления о деньгах,,,,,,,,,,,
взять деньги до зарплаты,,,,,,,,,,,
дам деньги в займы,,,,,,,,,,,
даем в займы деньги,,,,,,,,,,,
даю деньги в займы,,,,,,,,,,,
деньги под проценты без залога,,,,,,,,,,,
срочно нужны деньги до зарплаты,,,,,,,,,,,
деньги под проценты под расписку,,,,,,,,,,,
получить деньги в долг,,,,,,,,,,,
бизнес деньги в долг,,,,,,,,,,,
дом под деньги под,,,,,,,,,,,
деньги под паспорт,,,,,,,,,,,
срочно деньги безработным,,,,,,,,,,,
как получить деньги с должника,,,,,,,,,,,
возьму деньги взаймы,,,,,,,,,,,
нужны деньги помогите,,,,,,,,,,,
деньги в залог,,,,,,,,,,,
деньги в долг без справок и поручителей,,,,,,,,,,,
деньги без справок,,,,,,,,,,,
деньги в долг без справок без поручителей,,,,,,,,,,,
взять деньги у частного лица,,,,,,,,,,,
деловые деньги,,,,,,,,,,,
дам деньги под проценты без залога,,,,,,,,,,,
деньги срочно до зарплаты,,,,,,,,,,,
взять деньги в займы,,,,,,,,,,,
срочно надо деньги,,,,,,,,,,,
активные деньги,,,,,,,,,,,
деньги в долг круглосуточно,,,,,,,,,,,
деньги в долг на дом,,,,,,,,,,,
деньги в долг qiwi,,,,,,,,,,,
срочно нужны деньги от частного лица,,,,,,,,,,,
деньги в долг студентам,,,,,,,,,,,
деньги до зп,,,,,,,,,,,
деньги за 30 минут,,,,,,,,,,,
возьму деньги в долг у частного лица под расписку,,,,,,,,,,,
нуждаюсь в деньгах,,,,,,,,,,,
деньги наличными срочно,,,,,,,,,,,
деньги под зарплату,,,,,,,,,,,
дам деньги взаймы,,,,,,,,,,,
дам деньги в долг объявления,,,,,,,,,,,
срочно дам деньги в долг под расписку,,,,,,,,,,,
объявление даю деньги в долг,,,,,,,,,,,
дают деньги взаймы,,,,,,,,,,,
займу деньги без залога,,,,,,,,,,,
помощь в получение деньги,,,,,,,,,,,
деньги в долг не банк,,,,,,,,,,,
деньги в долг срочно под проценты,,,,,,,,,,,
деньги 1,,,,,,,,,,,
деньги ссуду,,,,,,,,,,,
взять деньги под проценты срочно,,,,,,,,,,,
взять деньги в долг срочно у частного лица,,,,,,,,,,,
деньги под бизнес,,,,,,,,,,,
встречусь за деньги,,,,,,,,,,,
частные объявления деньги в долг,,,,,,,,,,,
деньги в долг с 20 лет,,,,,,,,,,,
деньги под,,,,,,,,,,,
окажу помощь деньгами,,,,,,,,,,,
дам деньги всем,,,,,,,,,,,
деньги в долг в залог паспорт,,,,,,,,,,,
даем деньги всем,,,,,,,,,,,
даю деньги в долг под проценты без залога,,,,,,,,,,,
деньги в долг от 18 лет,,,,,,,,,,,
срочно нужны деньги сегодня,,,,,,,,,,,
дам деньги в долг под процент без залога,,,,,,,,,,,
займ на дом деньги на дом,,,,,,,,,,,
быстро нужны деньги,,,,,,,,,,,
нужны быстрые деньги,,,,,,,,,,,
деньги в долг за час,,,,,,,,,,,
деньги в долг срочно онлайн,,,,,,,,,,,
деньги по расписке,,,,,,,,,,,
деньги в долг ру,,,,,,,,,,,
дам деньги в долг без залога под расписку,,,,,,,,,,,
срочно деньги от частного лица,,,,,,,,,,,
займы и деньги,,,,,,,,,,,
занять деньги у частного лица под проценты,,,,,,,,,,,
деньги в долг не работающим,,,,,,,,,,,
деньги в долг без предоплаты,,,,,,,,,,,
деньги срочно в долг по паспорту,,,,,,,,,,,
быстрые деньги наличными,,,,,,,,,,,
как получить деньги на бизнеса,,,,,,,,,,,
деньги в долг наличными,,,,,,,,,,,
дам деньги под,,,,,,,,,,,
деньги наличными без предоплаты,,,,,,,,,,,
срочно дам деньги,,,,,,,,,,,
деньги по вызову,,,,,,,,,,,
занять деньги онлайн,,,,,,,,,,,
даю деньги под,,,,,,,,,,,
деньги на любые нужды,,,,,,,,,,,
моментально деньги в долг,,,,,,,,,,,
деньги в долг 24,,,,,,,,,,,
деньги в долг без прописки,,,,,,,,,,,
нужны деньги сегодня,,,,,,,,,,,
деньги на месяц,,,,,,,,,,,
помогите деньгами срочно,,,,,,,,,,,
быстро взять деньги в долг,,,,,,,,,,,
деньги в долг срочно сегодня,,,,,,,,,,,
деньги в долг всем,,,,,,,,,,,
деньги в долг на покупку авто,,,,,,,,,,,
деньги сегодня срочно,,,,,,,,,,,
деньги взаймы до зарплаты,,,,,,,,,,,
получить срочно деньги,,,,,,,,,,,
деньги для развития бизнеса,,,,,,,,,,,
деньги срочно онлайн,,,,,,,,,,,
деньги в долг в день обращения,,,,,,,,,,,
дам деньги в долг под проценты частное лицо,,,,,,,,,,,
срочно деньги в день обращения,,,,,,,,,,,
деньги в долг под паспорт,,,,,,,,,,,
деньги в долг без справок,,,,,,,,,,,
быстрые деньги заявка,,,,,,,,,,,
деньги на авто,,,,,,,,,,,
деньги в долг под расписку без предоплаты,,,,,,,,,,,
частное лицо даст в долг деньги под проценты,,,,,,,,,,,
срочные деньги по паспорту,,,,,,,,,,,
моментальные деньги займ,,,,,,,,,,,
деньги по договору займа,,,,,,,,,,,
даю деньги в рассрочку,,,,,,,,,,,
деньги в займы с 18 лет,,,,,,,,,,,
взять деньги с плохой кредитной историей,,,,,,,,,,,
быстрые деньги по паспорту,,,,,,,,,,,
деньги в долг без участия банка,,,,,,,,,,,
деньги в долг у ростовщиков,,,,,,,,,,,
банки деньги под проценты,,,,,,,,,,,
деньги в долг без участия банков,,,,,,,,,,,
онлайн взять деньги в долг,,,,,,,,,,,
быстро деньги по паспорту,,,,,,,,,,,
как получить деньги на малого бизнеса,,,,,,,,,,,
займу деньги под,,,,,,,,,,,
быстрые деньги онлайн заявка,,,,,,,,,,,
деньги в рассрочку дам,,,,,,,,,,,
срочно нужны деньги 50000,,,,,,,,,,,
дают деньги в рассрочку,,,,,,,,,,,
,,,,,,,,,,,
,,,,,,,,,,,
займы до зарплаты,займы до зарплаты,asdasdasd,fdfdfddf,<p>asdasdasd<br></p>,<p>fdfdfdfdaasd<br></p>,<p>sdfdsfsdfasd<br></p>,asdasdasd,sdsdf,fdfdfsdfsdf,dfdasgdgd,fdfdfadfsdf
быстрые займы,,,,,,,,,,,
займ быстро,,,,,,,,,,,
займы онлайн,,,,,,,,,,,
займы денег,,,,,,,,,,,
займы срочно,,,,,,,,,,,
срочные займы,,,,,,,,,,,
cрочные займы,,,,,,,,,,,
займы до зарплаты займ,,,,,,,,,,,
займы до зарплаты займ,,,,,,,,,,,
займы под расписку,,,,,,,,,,,
займы с плохой кредитной историей,,,,,,,,,,,
краткосрочные займы,,,,,,,,,,,
займы по паспорту,,,,,,,,,,,
частный займ от частного лица,,,,,,,,,,,
займы физическим лицам,,,,,,,,,,,
займ денег у частных лиц,,,,,,,,,,,
займ от частного лица без залога,,,,,,,,,,,
частный займ под расписку,,,,,,,,,,,
частный займ,,,,,,,,,,,
займы населению,,,,,,,,,,,
частный займ без залога,,,,,,,,,,,
денежные займы,,,,,,,,,,,
быстрые займы денег,,,,,,,,,,,
займ денег быстро,,,,,,,,,,,
заем или займ,,,,,,,,,,,
займ денег под расписку,,,,,,,,,,,
взять займ,,,,,,,,,,,
займ от частного лица под расписку,,,,,,,,,,,
срочный займ с плохой кредитной историей,,,,,,,,,,,
займы срочно с плохой кредитной историей,,,,,,,,,,,
займ легко,,,,,,,,,,,
легкие займы,,,,,,,,,,,
срочный займ от частного лица,,,,,,,,,,,
срочно займ от частного лица,,,,,,,,,,,
быстрый займ по паспорту,,,,,,,,,,,
займы быстро по паспорту,,,,,,,,,,,
займ денег под проценты,,,,,,,,,,,
быстрые займы онлайн,,,,,,,,,,,
займ онлайн быстро,,,,,,,,,,,
срочные займы онлайн,,,,,,,,,,,
онлайн займ срочно,,,,,,,,,,,
займ через интернет,,,,,,,,,,,
частный займ срочно,,,,,,,,,,,
срочный частный займ,,,,,,,,,,,
мгновенные займы,,,,,,,,,,,
взять займ у частного лица,,,,,,,,,,,
моментальные займы,,,,,,,,,,,
срочно взять займ,,,,,,,,,,,
взять срочный займ,,,,,,,,,,,
срочный займ денег,,,,,,,,,,,
займ денег срочно,,,,,,,,,,,
интернет займы,,,,,,,,,,,
займы безработным,,,,,,,,,,,
займ в день обращения,,,,,,,,,,,
займы до 50000,,,,,,,,,,,
займы срочно по паспорту,,,,,,,,,,,
займы с 18 лет,,,,,,,,,,,
займ без справок и поручителей,,,,,,,,,,,
займы без залогов,,,,,,,,,,,
даем в займы,,,,,,,,,,,
долгосрочные займы,,,,,,,,,,,
займ без залога,,,,,,,,,,,
займ на карту,,,,,,,,,,,
займ ру,,,,,,,,,,,
займ под проценты,,,,,,,,,,,
дам займ,,,,,,,,,,,
дадим займ,,,,,,,,,,,
даю займ,,,,,,,,,,,
взять займ онлайн,,,,,,,,,,,
займ наличными,,,,,,,,,,,
займы на дом,,,,,,,,,,,
займы без проверки кредитной истории,,,,,,,,,,,
займы всем,,,,,,,,,,,
срочный займ до зарплаты,,,,,,,,,,,
займ до зарплаты срочно,,,,,,,,,,,
займы для бизнеса,,,,,,,,,,,
займы до 100000,,,,,,,,,,,
получить займ,,,,,,,,,,,
выдам частный займ,,,,,,,,,,,
займы без залога и поручителей,,,,,,,,,,,
займы без залогов и поручителей,,,,,,,,,,,
займы денег до зарплаты,,,,,,,,,,,
частный займ денег,,,,,,,,,,,
быстро получить займ,,,,,,,,,,,
быстрый займ до зарплаты,,,,,,,,,,,
займ денег онлайн,,,,,,,,,,,
займы без процентов,,,,,,,,,,,
быстрые займы с плохой кредитной историей,,,,,,,,,,,
займ за 5 минут,,,,,,,,,,,
частный займ без предоплаты,,,,,,,,,,,
займ за час,,,,,,,,,,,
дам займ под расписку,,,,,,,,,,,
даю займ под расписку,,,,,,,,,,,
займы не выходя из дома,,,,,,,,,,,
ипотечные займы,,,,,,,,,,,
предоставлю займ,,,,,,,,,,,
займ круглосуточно,,,,,,,,,,,
кредитные займы,,,,,,,,,,,
займ оформить онлайн,,,,,,,,,,,
помощь в получении займа,,,,,,,,,,,
ссуды займы,,,,,,,,,,,
cсуда займ,,,,,,,,,,,
взять займ с плохой кредитной историей,,,,,,,,,,,
даю частный займ,,,,,,,,,,,
дам частный займ,,,,,,,,,,,
даем частные займы,,,,,,,,,,,
займы студентам,,,,,,,,,,,
процентные займы,,,,,,,,,,,
дам денег в займы,,,,,,,,,,,
срочно нужны займ,,,,,,,,,,,
дайте денег в займы,,,,,,,,,,,
нужен срочный займ,,,,,,,,,,,
займы срочно с плохой кредитной историей срочно,,,,,,,,,,,
займы для пенсионеров,,,,,,,,,,,
займ денег с 18 лет,,,,,,,,,,,
онлайн заявка на займ,,,,,,,,,,,
малый займ,,,,,,,,,,,
моментальные онлайн займы,,,,,,,,,,,
мгновенные займы на карту,,,,,,,,,,,
нужен займ,,,,,,,,,,,
заявка на займ,,,,,,,,,,,
займ без справок,,,,,,,,,,,
займ до 10000,,,,,,,,,,,
займы малому бизнесу,,,,,,,,,,,
срочно нужен частный займ,,,,,,,,,,,
займы до 30000,,,,,,,,,,,
займ денег в долг,,,,,,,,,,,
быстрый частный займ,,,,,,,,,,,
быстрые денежные займы,,,,,,,,,,,
денежные займы быстро,,,,,,,,,,,
займы до получки,,,,,,,,,,,
займы на год,,,,,,,,,,,
срочные денежные займы,,,,,,,,,,,
денежный займ срочно,,,,,,,,,,,
займы без предоплаты,,,,,,,,,,,
займы с доставкой,,,,,,,,,,,
взять денег в займы,,,,,,,,,,,
взять частный займ,,,,,,,,,,,
взять быстрый займ,,,,,,,,,,,
срочный займ через интернет,,,,,,,,,,,
взять займ быстро,,,,,,,,,,,
мгновенный онлайн займ,,,,,,,,,,,
займы с 20 лет,,,,,,,,,,,
займ без банков,,,,,,,,,,,
блиц займ,,,,,,,,,,,
предоставлю частный займ от частного лица без предоплаты,,,,,,,,,,,
займ 20000,,,,,,,,,,,
займы в питере,,,,,,,,,,,
займ денег без залога,,,,,,,,,,,
оформить займ,,,,,,,,,,,
взять займ до зарплаты,,,,,,,,,,,
займы без поручителей,,,,,,,,,,,
быстрый займ через интернет,,,,,,,,,,,
займы по расписке,,,,,,,,,,,
займы без прописки,,,,,,,,,,,
предоставлю частный займ,,,,,,,,,,,
100 займы,,,,,,,,,,,
дай пять займы,,,,,,,,,,,
займ 5000 рублей,,,,,,,,,,,
быстро займ с 18 лет,,,,,,,,,,,
быстрый займ с 18 лет,,,,,,,,,,,
взять займ через интернет,,,,,,,,,,,
срочные займы на дом,,,,,,,,,,,
мелкие займы,,,,,,,,,,,
займы срочно на дом,,,,,,,,,,,
займ денег через интернет,,,,,,,,,,,
займы в долг,,,,,,,,,,,
займы под,,,,,,,,,,,
займ под авто,,,,,,,,,,,
займ денег в интернете,,,,,,,,,,,
займ под расписку срочно,,,,,,,,,,,
срочный займ под расписку,,,,,,,,,,,
займ без справок о доходах,,,,,,,,,,,
частные займы без залога под расписку,,,,,,,,,,,
срочный интернет займ,,,,,,,,,,,
быстрый займ от частного лица,,,,,,,,,,,
интернет займы срочно,,,,,,,,,,,
займ на месяц,,,,,,,,,,,
займ денег на дом,,,,,,,,,,,
очень срочные займы,,,,,,,,,,,
займы наличными с 18 лет,,,,,,,,,,,
быстрые займы без проверок кредитных историй,,,,,,,,,,,
займ 30000 рублей,,,,,,,,,,,
займ до 5000,,,,,,,,,,,
займы по двум документам,,,,,,,,,,,
доверительные займы,,,,,,,,,,,
быстрый интернет займ,,,,,,,,,,,
займы физическим лицам без залога,,,,,,,,,,,
денежные займы онлайн,,,,,,,,,,,
ссуды и займы,,,,,,,,,,,
срочный взять займ у частного лица,,,,,,,,,,,
займы денег круглосуточно,,,,,,,,,,,
частные займы с 18 лет,,,,,,,,,,,
срочный займ с 18 лет,,,,,,,,,,,
срочные займы наличными,,,,,,,,,,,
займ с 18 лет срочно,,,,,,,,,,,
частные займы без залога без предоплаты,,,,,,,,,,,
частные объявления о займах,,,,,,,,,,,
быстрый займ наличными,,,,,,,,,,,
дам частный займ от частного лица без предоплаты,,,,,,,,,,,
срочный займ всем,,,,,,,,,,,
займы денег без процентов,,,,,,,,,,,
займы всем срочно,,,,,,,,,,,
займ денег с плохой кредитной историей,,,,,,,,,,,
займ без проблем,,,,,,,,,,,
получить займ через интернет,,,,,,,,,,,
займы наличными срочно,,,,,,,,,,,
займы наличными быстро,,,,,,,,,,,
займ без кредитной истории,,,,,,,,,,,
займы населению через интернет,,,,,,,,,,,
быстрые займы без залога и поручителя,,,,,,,,,,,
займы 50 000,,,,,,,,,,,
дать займ под проценты,,,,,,,,,,,
займ за 30 минут,,,,,,,,,,,
займ денег по паспорту,,,,,,,,,,,
онлайн займы с плохой кредитной историей,,,,,,,,,,,
кредитная история не важна займ,,,,,,,,,,,
быстрый займ в питере,,,,,,,,,,,
,,,,,,,,,,,
,,,,,,,,,,,
кредитные брокеры,кредитные брокеры,asdffdffdf,asdfsdfsdf,<p>asdfd<br></p>,<p>asdfdfasfasf<br></p>,<p>fdfasdf<br></p>,sdfffdfd,dfdfa,sdfdfdf,dffdfdasdf,asgdg
кредитные карты онлайн,,,,,,,,,,,
оформить кредитную карту онлайн,,,,,,,,,,,
кредитные карты без справок о доходах,,,,,,,,,,,
кредитная карта онлайн заявка,,,,,,,,,,,
кредитные карты отп банка,,,,,,,,,,,
кредитные карты без справок и поручителей,,,,,,,,,,,
кредитная карта по почте,,,,,,,,,,,
кредитные карты в день обращения,,,,,,,,,,,
оформить кредитную карту,,,,,,,,,,,
оформляем кредитную карту,,,,,,,,,,,
кредитная карта с льготным периодом,,,,,,,,,,,
как исправить кредитную историю,,,,,,,,,,,
кредитные карты банков,,,,,,,,,,,
кредитная карта банка,,,,,,,,,,,
банк кредитных карт,,,,,,,,,,,
микрозаймы с плохой кредитной историей,,,,,,,,,,,
микрозайм с плохой кредитной историей,,,,,,,,,,,
оформить кредитную карту онлайн без справок,,,,,,,,,,,
кредитные карты с 18 лет,,,,,,,,,,,
моментальная кредитная карта,,,,,,,,,,,
моментально кредитную карту,,,,,,,,,,,
быстрые кредитные карты,,,,,,,,,,,
кредитные карты быстро,,,,,,,,,,,
плохая кредитная история,,,,,,,,,,,
получить кредитную карту,,,,,,,,,,,
кредитные карты с плохой кредитной историей,,,,,,,,,,,
кредитные карты с плохой кредитной историей,,,,,,,,,,,
кредитные карты с льготным периодом кредитования,,,,,,,,,,,
кредитная карта по паспорту,,,,,,,,,,,
кредитные карты с 20 лет,,,,,,,,,,,
заявка на кредитные карты,,,,,,,,,,,
кредитная карта заказать онлайн,,,,,,,,,,,
кредитная карта оформление онлайн,,,,,,,,,,,
кредитные карты без справок,,,,,,,,,,,
кредитная карта с льготным периодом на снятие наличных,,,,,,,,,,,
кредитная карта на дом,,,,,,,,,,,
оформление кредитной карты,,,,,,,,,,,
кредитная карта с 19 лет,,,,,,,,,,,
кредитные карты безработным,,,,,,,,,,,
кредитные карты с доставкой на дом,,,,,,,,,,,
кредитная карта онлайн без справок,,,,,,,,,,,
получить кредитную карту по почте,,,,,,,,,,,
убрир кредитная карта,,,,,,,,,,,
заказать кредитную карту,,,,,,,,,,,
кредитные карты срочно,,,,,,,,,,,
срочные кредитные карты,,,,,,,,,,,
кредитная карта без справок в день обращения,,,,,,,,,,,
кредитные карты с льготным периодом 100 дней,,,,,,,,,,,
кредитная карта за 15 минут,,,,,,,,,,,
лучшие кредитные карты,,,,,,,,,,,
кредитные ставки,,,,,,,,,,,
заказать кредитную карту по почте,,,,,,,,,,,
кредитная карта за 5 минут,,,,,,,,,,,
кредитная карта за 1 день,,,,,,,,,,,
очищаю кредитную историю,,,,,,,,,,,
очищу кредитную историю,,,,,,,,,,,
ипотека с плохой кредитной историей,,,,,,,,,,,
кредитные карты студентам,,,,,,,,,,,
оформить кредитную карту через интернет,,,,,,,,,,,
плохая кредитная история что делать,,,,,,,,,,,
заказать кредитную карту через интернет,,,,,,,,,,,
подать заявку на кредитную карту,,,,,,,,,,,
кредитная карта за час,,,,,,,,,,,
кредитная карта через интернет,,,,,,,,,,,
взять кредитную карту,,,,,,,,,,,
кредитная карта с 21 года,,,,,,,,,,,
почистить кредитную историю,,,,,,,,,,,
кредитные карты пенсионером,,,,,,,,,,,
кредитная карта за один день,,,,,,,,,,,
кредитная карта по двум документам,,,,,,,,,,,
оформить заявку на кредитную карту,,,,,,,,,,,
кредитная карта условия,,,,,,,,,,,
кредитная карта за 30 минут,,,,,,,,,,,
получить кредитную карту в день обращения,,,,,,,,,,,
оформить онлайн кредитную карту без справок и поручителей,,,,,,,,,,,
помощь в получении кредитной карты,,,,,,,,,,,
кредитные карты без посещения банка,,,,,,,,,,,
выдача кредитов с плохой кредитной историей,,,,,,,,,,,
оформить кредитную карту с плохой кредитной историей,,,,,,,,,,,
оформить кредитную карту с плохой кредитной историей,,,,,,,,,,,
оформить кредитную карту быстро,,,,,,,,,,,
кредитные заявки,,,,,,,,,,,
перекредитование с плохой кредитной историей,,,,,,,,,,,
кредитные карты получение,,,,,,,,,,,
альфа кредитная карта,,,,,,,,,,,
кредитные карты с льготным периодом 200 дней,,,,,,,,,,,
кредитные долги,,,,,,,,,,,
помощь в получении ипотеки с плохой кредитной историей,,,,,,,,,,,
получить кредитную карту с плохой кредитной историей,,,,,,,,,,,
получить кредитную карту с плохой кредитной историей,,,,,,,,,,,
кредитная карта без регистрации,,,,,,,,,,,
кредитные карты по 2 документам,,,,,,,,,,,
оформить кредитную карту без справок о доходах,,,,,,,,,,,
взять кредитную карту с плохой кредитной историей,,,,,,,,,,,
взять кредитную карту с плохой кредитной историей,,,,,,,,,,,
как активировать кредитную карту,,,,,,,,,,,
кредитная карта без прописки,,,,,,,,,,,
быстрое оформление кредитной карты,,,,,,,,,,,
кредитный дом,,,,,,,,,,,
взять кредитную карту без справок и поручителей,,,,,,,,,,,
взять кредитную карту онлайн,,,,,,,,,,,
сделать кредитную карту,,,,,,,,,,,
дайте кредитную карту,,,,,,,,,,,
помощь в получении автокредита с плохой кредитной историей,,,,,,,,,,,
получить кредитную историю,,,,,,,,,,,
заказ кредитной карты онлайн,,,,,,,,,,,
оформление кредитной карты через интернет,,,,,,,,,,,
взять кредитную карту быстро,,,,,,,,,,,
онлайн заявка на кредитную карту без справок,,,,,,,,,,,
кредитная история физических лиц,,,,,,,,,,,
кредитная карта по одному документу,,,,,,,,,,,
кредитная карта за 1 час,,,,,,,,,,,
кредитная помощь,,,,,,,,,,,
кредитная карта со льготным периодом,,,,,,,,,,,
кредитные карты оформить с 18 лет,,,,,,,,,,,
кредитная карта оформить без справок,,,,,,,,,,,
оформить онлайн заявку на кредитную карту,,,,,,,,,,,
ссуды с плохой кредитной историей,,,,,,,,,,,
запросить кредитную историю,,,,,,,,,,,
кредитные карты по интернету,,,,,,,,,,,
кредитные карты с низким процентом,,,,,,,,,,,
кредитная карта с доставкой по почте,,,,,,,,,,,
оформить кредитную карту на дом,,,,,,,,,,,
оставить заявку на кредитную карту,,,,,,,,,,,
хочу оформить кредитную карту,,,,,,,,,,,
заказ кредитных карт,,,,,,,,,,,
кредитные карты с моментальным решением,,,,,,,,,,,
кредитные карты без справок быстро,,,,,,,,,,,
нужна кредитная карта,,,,,,,,,,,
расчет по кредитным картам,,,,,,,,,,,
оформление кредитной карты с 18 лет,,,,,,,,,,,
кредитная карта с плохой кредитной,,,,,,,,,,,
кредитная карта с плохой кредитной,,,,,,,,,,,
помощь с плохой кредитной историей,,,,,,,,,,,
получить кредитную карту по паспорту,,,,,,,,,,,
кредитование с плохой кредитной историей,,,,,,,,,,,
кредитная карта моментального выпуска,,,,,,,,,,,
оформить кредитную карту по паспорту,,,,,,,,,,,
как быстро получить кредитную карту,,,,,,,,,,,
срочно оформить кредитную карту,,,,,,,,,,,
помощь кредитные карты,,,,,,,,,,,
кредитная карта по почте без справок,,,,,,,,,,,
кредитные карты с 18 лет без справки о доходах,,,,,,,,,,,
заявка на получение кредитной карты,,,,,,,,,,,
кредитные карты с большим льготный период,,,,,,,,,,,
кредитная карта с временной регистрацией,,,,,,,,,,,
кредитная история в банке,,,,,,,,,,,
кредитные карты по почте с плохой кредитной историей,,,,,,,,,,,
кредитные карты по почте с плохой кредитной историей,,,,,,,,,,,
кредитная карта с плохой историей,,,,,,,,,,,
кредитные онлайн,,,,,,,,,,,
наличные с плохой кредитной историей,,,,,,,,,,,
срочно нужна кредитная карта,,,,,,,,,,,
получить кредитную карту срочно,,,,,,,,,,,
кредитные карты онлайн в день обращения,,,,,,,,,,,
что нужно для получения кредитной карты,,,,,,,,,,,
помощь в оформлении кредитной карты,,,,,,,,,,,
кредитная карта с большим лимитом,,,,,,,,,,,
уберем кредитную историю,,,,,,,,,,,
отправить заявку на кредитную карту,,,,,,,,,,,
кредитная карта объявление,,,,,,,,,,,
кредитная карта условия получения,,,,,,,,,,,
кредитные карты с 18 лет без справок,,,,,,,,,,,
кредитная карта с нулевым лимитом,,,,,,,,,,,
заявка на кредитную карту по почте,,,,,,,,,,,
заявка на кредитную историю,,,,,,,,,,,
оформить кредитную карту для студентов,,,,,,,,,,,
кредитные карточки по почте,,,,,,,,,,,
кредитные карты банка онлайн,,,,,,,,,,,
условия выдачи кредитной карты,,,,,,,,,,,
,,,,,,,,,,,
,,,,,,,,,,,
дам денег в долг,дам денег в долг,sdfdsav,zxvxcz,<p>asdfdfd<br></p>,<p>asdfdfdfdfd<br></p>,<p>asfdfd<br></p>,asdffdf,asdfvcx,zxcvcv,efsdfg,asdgfdsdf
дайте денег в долг,,,,,,,,,,,
дай дeнег в долг,,,,,,,,,,,
дам денег в долг под расписку,,,,,,,,,,,
даю денег в долг под расписку,,,,,,,,,,,
дать денег в долг под расписку,,,,,,,,,,,
в долг ру,,,,,,,,,,,
взять в долг денег,,,,,,,,,,,
возьму денег в долг у частных лиц,,,,,,,,,,,
дам денег в долг под проценты,,,,,,,,,,,
расписка в получении денег в долг,,,,,,,,,,,
дам в долг,,,,,,,,,,,
дайте в долг,,,,,,,,,,,
даю в долг,,,,,,,,,,,
даем в долг,,,,,,,,,,,
дам в долг под расписку,,,,,,,,,,,
дают в долг под расписку,,,,,,,,,,,
даю в долг под расписку,,,,,,,,,,,
дам в долг денег частное лицо,,,,,,,,,,,
частное лицо даст денег в долг,,,,,,,,,,,
взыскание долга по расписке,,,,,,,,,,,
взять денег в долг под расписку,,,,,,,,,,,
как выбить долги,,,,,,,,,,,
в долг,,,,,,,,,,,
дам в долг под проценты,,,,,,,,,,,
даю в долг под проценты,,,,,,,,,,,
взять денег в долг срочно,,,,,,,,,,,
взять в долг,,,,,,,,,,,
денег в долг под проценты,,,,,,,,,,,
занять денег в долг,,,,,,,,,,,
как вылезти из долга,,,,,,,,,,,
взять в долг у частного лица,,,,,,,,,,,
частное лицо даст в долг,,,,,,,,,,,
дам в долг частное лицо,,,,,,,,,,,
даю в долг частное лицо,,,,,,,,,,,
дам денег в долг срочно,,,,,,,,,,,
дайте в долг денег срочно,,,,,,,,,,,
дай денег в долг срочно,,,,,,,,,,,
взять денег в долг под проценты,,,,,,,,,,,
как взять в долг на utel,,,,,,,,,,,
возьму в долг под проценты,,,,,,,,,,,
долг банкам,,,,,,,,,,,
дам денег в долг без залога,,,,,,,,,,,
взять в долг под расписку,,,,,,,,,,,
в долг под расписку,,,,,,,,,,,
денег в долг до зарплаты,,,,,,,,,,,
в долг под проценты,,,,,,,,,,,
взять в долг у теле2,,,,,,,,,,,
в долг у частного лица,,,,,,,,,,,
дам в долг ру,,,,,,,,,,,
наличные в долг,,,,,,,,,,,
в долг денег частных лиц,,,,,,,,,,,
срочно возьму в долг,,,,,,,,,,,
в долг срочно,,,,,,,,,,,
взять в долг в интернете,,,,,,,,,,,
денежные долги,,,,,,,,,,,
рекстуризация долга,,,,,,,,,,,
займу в долг,,,,,,,,,,,
денег в долг не в банке,,,,,,,,,,,
в долг до зарплаты,,,,,,,,,,,
дам в долг без залога,,,,,,,,,,,
даю в долг без залога,,,,,,,,,,,
дам в долг срочно,,,,,,,,,,,
дам денег в долг под расписку срочно,,,,,,,,,,,
дам денег в долг объявления,,,,,,,,,,,
срочно возьму в долг денег у частных лиц,,,,,,,,,,,
дам денег в долг под проценты без залога,,,,,,,,,,,
объявления дам в долг,,,,,,,,,,,
10000 в долг,,,,,,,,,,,
помощь в возвращении долга,,,,,,,,,,,
дeньги в долг в новокузнeцкe,,,,,,,,,,,
день в долг,,,,,,,,,,,
возьму в долг под проценты у частного лица,,,,,,,,,,,
частный долг,,,,,,,,,,,
взять денег в долг быстро,,,,,,,,,,,
люди дайте денег в долг,,,,,,,,,,,
авто в долг,,,,,,,,,,,
взять в долг с 18 лет,,,,,,,,,,,
вся в долгах что делать,,,,,,,,,,,
дам денег в долг под проценты частное лицо,,,,,,,,,,,
дам в долг всем,,,,,,,,,,,
помощь с долгами,,,,,,,,,,,
50000 в долг,,,,,,,,,,,
даю всем в долг,,,,,,,,,,,
,,,,,,,,,,,
,,,,,,,,,,,
автокредит без первоначального взноса,автокредит без первоначального взноса,xcxcxcxc,zxzxzxxz,<p>xcxccxxc<br></p>,<p>vccvcvvc<br></p>,<p>dsds<br></p>,asas,asaas,sdsdssd,xccxxccx,zxzxzxxz
автокредит без каско,,,,,,,,,,,
выгодный автокредит,,,,,,,,,,,
автокредит по двум документам,,,,,,,,,,,
автокредит онлайн,,,,,,,,,,,
автокредит без справок и поручителей,,,,,,,,,,,
автокредит без первого взноса,,,,,,,,,,,
автокредит по двум документам без первоначального взноса,,,,,,,,,,,
автокредит онлайн заявка,,,,,,,,,,,
условия автокредита,,,,,,,,,,,
автокредиты банков,,,,,,,,,,,
автокредит без первоначального взноса на подержанный автомобиль,,,,,,,,,,,
автокредит в банке,,,,,,,,,,,
автокредит ставки,,,,,,,,,,,
безпроцентный автокредит,,,,,,,,,,,
помощь в получении автокредита,,,,,,,,,,,
взять автокредит,,,,,,,,,,,
взять автокредит без первоначального взноса,,,,,,,,,,,
автокредит с 20 лет,,,,,,,,,,,
автокредит с 18 лет,,,,,,,,,,,
автокредит по 2 документам,,,,,,,,,,,
автокредит в автосалоне,,,,,,,,,,,
самые низкие проценты по автокредиту,,,,,,,,,,,
автокредит наличными,,,,,,,,,,,
автокредит без процентов,,,,,,,,,,,
оформить автокредит онлайн,,,,,,,,,,,
автокредит без справок,,,,,,,,,,,
подать онлайн заявку на автокредит,,,,,,,,,,,
онлайн заявка на автокредит без первоначального взноса,,,,,,,,,,,
автокредит на 10 лет,,,,,,,,,,,
автокредит на авто с пробегом,,,,,,,,,,,
автокредит без первоначального взноса банки,,,,,,,,,,,
автокредит без взноса,,,,,,,,,,,
взять автокредит без справок и поручителей,,,,,,,,,,,
автокредит без первоначального взноса и каско,,,,,,,,,,,
быстрый автокредит,,,,,,,,,,,
автокредит 0,,,,,,,,,,,
получить автокредит,,,,,,,,,,,
автокредит с пробегом,,,,,,,,,,,
автокредит 0 годовых,,,,,,,,,,,
оформить заявку на автокредит,,,,,,,,,,,
автокредит на выгодных условиях,,,,,,,,,,,
оформить автокредит,,,,,,,,,,,
автокредиты на новые автомобили,,,,,,,,,,,
автокредит с 21 года,,,,,,,,,,,
автокредит помощь,,,,,,,,,,,
автокредит под низкий процент,,,,,,,,,,,
автокредит с первоначальным взносом 10,,,,,,,,,,,
низкий процент автокредит,,,,,,,,,,,
автокредит без первоначального взноса без справок и поручителей,,,,,,,,,,,
помощь в оформлении автокредита,,,,,,,,,,,
автокредит заявка,,,,,,,,,,,
автокредиты тулы,,,,,,,,,,,
автокредит без первоначального взноса онлайн,,,,,,,,,,,
автокредит для женщин,,,,,,,,,,,
автокредит без залога,,,,,,,,,,,
автокредит без первоначального,,,,,,,,,,,
автокредиты с 18 лет без справок о доходах,,,,,,,,,,,
автокредит за час,,,,,,,,,,,
оформить заявку на автокредит онлайн,,,,,,,,,,,
автокредит срочно,,,,,,,,,,,
срочный автокредит,,,,,,,,,,,
автокредит на автомобили с пробегом,,,,,,,,,,,
автокредит без первоначального взноса без справок,,,,,,,,,,,
получение автокредита,,,,,,,,,,,
автокредит подать заявку,,,,,,,,,,,
автокредит 2 9,,,,,,,,,,,
автокредит 0 первоначальный взнос,,,,,,,,,,,
,,,,,,,,,,,
,,,,,,,,,,,
