Ќомер текста; лючевые слова;—ведение;Title;URL;keywords;description;content 1;content 2;content 3;H1;H2;H3;анонс;strong;анкор миралинкс 1;полный урл;анкор миралинкс 2;полный урл;param1;param2;param3;анкор дл€ гогетлинкс
1;ум€гчение воды;;”м€гчение;umyagchenie;ум€гчение;;;;;;;;;;ум€гчение;;;;;;;
;ум€гчение артезианской воды;;;;;;;;;;;;;;;;;;;;;
;внутренн€€ вставка дл€ ум€гчени€ воды как установить;;;;;;;;;;;;;;;;;;;;;
;количество воды необходимое дл€ ум€гчени€ воды;;;;;;;;;;;;;;;;;;;;;
;пор€док расчета количества потреблени€ воды дл€ ум€гчени€ при гор€чем водоснабжении;;;;;;;;;;;;;;;;;;;;;
;ум€гчение воды кип€чением;;;;;;;;;;;;;;;;;;;;;
;ум€гчение воды дл€ жкх;;;;;;;;;;;;;;;;;;;;;
;теоретические основы ум€гчени€ воды;;;;;;;;;;;;;;;;;;;;;
;внутренн€€ вставка дл€ ум€гчени€ воды;;;;;;;;;;;;;;;;;;;;;
;пор€док проведени€ ум€гчени€ воды;;;;;;;;;;;;;;;;;;;;;
;простое ум€гчение воды;;;;;;;;;;;;;;;;;;;;;
;колбы дл€ ум€гчени€ воды;;;;;;;;;;;;;;;;;;;;;
;проведение опытного ум€гчени€ воды;;;;;;;;;;;;;;;;;;;;;
;ум€гчение воды в быту;;;;;;;;;;;;;;;;;;;;;
;ум€гчение оборотной воды;;;;;;;;;;;;;;;;;;;;;
;ум€гчение воды известкованием;;;;;;;;;;;;;;;;;;;;;
;ум€гчение воды лекции;;;;;;;;;;;;;;;;;;;;;
;ум€гчение воды ионитами;;;;;;;;;;;;;;;;;;;;;
;ум€гчение воды дл€ полива;;;;;;;;;;;;;;;;;;;;;
;ум€гчение воды торфом;;;;;;;;;;;;;;;;;;;;;
;ум€гчение пресной воды;;;;;;;;;;;;;;;;;;;;;
;ум€гчение воды cхема;;;;;;;;;;;;;;;;;;;;;
;расчеты дл€ ум€гчени€ воды;;;;;;;;;;;;;;;;;;;;;
;гидразин дл€ ум€гчени€ воды;;;;;;;;;;;;;;;;;;;;;
;градирни ум€гчение воды;;;;;;;;;;;;;;;;;;;;;
;жидкость дл€ ум€гчени€ воды;;;;;;;;;;;;;;;;;;;;;
;затравка ум€гчение воды;;;;;;;;;;;;;;;;;;;;;
;и ум€гчени€ воды;;;;;;;;;;;;;;;;;;;;;
;ингибитор дл€ ум€гчени€ воды;;;;;;;;;;;;;;;;;;;;;
;коронный разр€д ум€гчение воды;;;;;;;;;;;;;;;;;;;;;
;котельны ум€гчени€ воды;;;;;;;;;;;;;;;;;;;;;
;может быть проведена ионизаци€ воды ум€гчение;;;;;;;;;;;;;;;;;;;;;
;сброс с ум€гчени€ воды;;;;;;;;;;;;;;;;;;;;;
;специальна€ обработка воды ум€гчение;;;;;;;;;;;;;;;;;;;;;
;сульфит дл€ ум€гчени€ воды;;;;;;;;;;;;;;;;;;;;;
;ум€гчение бутилированной воды;;;;;;;;;;;;;;;;;;;;;
;ум€гчение воды дл€ пить€;;;;;;;;;;;;;;;;;;;;;
;ум€гчение воды дл€ цтп;;;;;;;;;;;;;;;;;;;;;
;ум€гчение воды замораживанием;;;;;;;;;;;;;;;;;;;;;
;ум€гчение воды петербург;;;;;;;;;;;;;;;;;;;;;
;ум€гчение воды с помощью ионитов;;;;;;;;;;;;;;;;;;;;;
;ум€гчение воды с помощью микроорганизмов;;;;;;;;;;;;;;;;;;;;;
;ум€гчение воды чем пользоватьс€;;;;;;;;;;;;;;;;;;;;;
;ум€гчение воды щелоком;;;;;;;;;;;;;;;;;;;;;
;ум€гчение питательной воды;;;;;;;;;;;;;;;;;;;;;
;безреaгентное ум€гчение воды;;;;;;;;;;;;;;;;;;;;;
;водоочистители ум€гчение воды;;;;;;;;;;;;;;;;;;;;;
;гвс ум€гчение воды;;;;;;;;;;;;;;;;;;;;;
;глубокое ум€гчение воды;;;;;;;;;;;;;;;;;;;;;
;дл€ чего нужно ум€гчение воды;;;;;;;;;;;;;;;;;;;;;
;зачем нужно ум€гчение воды;;;;;;;;;;;;;;;;;;;;;
;ионный обмен ум€гчение воды;;;;;;;;;;;;;;;;;;;;;
;кавитационное ум€гчение воды;;;;;;;;;;;;;;;;;;;;;
;картинки ум€гчение воды;;;;;;;;;;;;;;;;;;;;;
;ионитное ум€гчение воды;;;;;;;;;;;;;;;;;;;;;
;наши работы ум€гчение воды;;;;;;;;;;;;;;;;;;;;;
;вли€ние марганца на ум€гчение воды;;;;;;;;;;;;;;;;;;;;;
;ум€гчение;;;;;;;;;;;;;;;;;;;;;
;ум€гчение воды известью;;;;;;;;;;;;;;;;;;;;;
;расчет стоков дл€ фильтров ум€гчени€;;;;;;;;;;;;;;;;;;;;;
;ум€гчение воды падение давлени€;;;;;;;;;;;;;;;;;;;;;
;количества промывных вод ум€гчени€ воды;;;;;;;;;;;;;;;;;;;;;
;ум€гчению воды необходима дл€;;;;;;;;;;;;;;;;;;;;;
;нанофильтраци€ дл€ ум€гчени€ воды;;;;;;;;;;;;;;;;;;;;;
;подготовка воды ум€гчение воды больниц;;;;;;;;;;;;;;;;;;;;;
;ум€гчение воды запах;;;;;;;;;;;;;;;;;;;;;
;ум€гчение воды дл€ автомойки;;;;;;;;;;;;;;;;;;;;;
;ум€гчение воды нанотехнологии;;;;;;;;;;;;;;;;;;;;;
;ум€гчение воды колодец;;;;;;;;;;;;;;;;;;;;;
;вредность при ум€гчении воды;;;;;;;;;;;;;;;;;;;;;
;удаление из воды растворенных веществ ум€гчение воды;;;;;;;;;;;;;;;;;;;;;
;ультрафильтраци€ ум€гчение воды;;;;;;;;;;;;;;;;;;;;;
;ум€гчение с помощью ультрафильтрации;;;;;;;;;;;;;;;;;;;;;
;ум€гчение воды слив в септик;;;;;;;;;;;;;;;;;;;;;
;ум€гчение воды h водородной;;;;;;;;;;;;;;;;;;;;;
;ум€гчение воды анионирование;;;;;;;;;;;;;;;;;;;;;
;ум€гчение подпиточной воды;;;;;;;;;;;;;;;;;;;;;
;эффективное ум€гчение воды;;;;;;;;;;;;;;;;;;;;;
;ум€гчение воды нвр;;;;;;;;;;;;;;;;;;;;;
;фосфатное до ум€гчение воды;;;;;;;;;;;;;;;;;;;;;
;ум€гчение воды на тэс;;;;;;;;;;;;;;;;;;;;;
;ум€гчение воды на птицефабрика;;;;;;;;;;;;;;;;;;;;;
;аппарат ум€гчени€ воды;;;;;;;;;;;;;;;;;;;;;
