Номер текста;Ключевые слова;Сведение;Title;URL;keywords;description;content 1;H1;H2;H3;анонс;strong
1;деньги в долг срочно;деньги в долг срочно;;;;;;;;;;
;деньги в долг;деньги в долг;;;;;;;;;;
;деньги в долг под расписку;деньги в долг под расписку;;;;;;;;;;
;быстрые деньги;быстрые деньги;;;;;;;;;;
;срочно нужны деньги;срочно нужны деньги;;;;;;;;;;
;деньги онлайн;деньги онлайн;;;;;;;;;;
;помогите деньгами;помогите деньгами;;;;;;;;;;
;деньги до зарплаты;деньги до зарплаты;;;;;;;;;;
;срочно нужны деньги в долг;срочно нужны деньги в долг;;;;;;;;;;
;деньги на дом;деньги на дом;;;;;;;;;;
;онлайн игры на деньги;онлайн игры на деньги;;;;;;;;;;
;срочно деньги;срочно деньги;;;;;;;;;;
;срочные деньги;срочные деньги;;;;;;;;;;
;дам деньги в долг;дам деньги в долг;;;;;;;;;;
;даю деньги в долг;даю деньги в долг;;;;;;;;;;
;даем деньги в долг;даем деньги в долг;;;;;;;;;;
;дать деньги в долг;дать деньги в долг;;;;;;;;;;
;деньги под проценты;деньги под проценты;;;;;;;;;;
;деньги сразу;деньги сразу;;;;;;;;;;
;интим за деньги;интим за деньги;;;;;;;;;;
;деньги в долг под расписку от частного лица;деньги в долг под расписку от частного лица;;;;;;;;;;
;дам деньги;дам деньги;;;;;;;;;;
;даем деньги;даем деньги;;;;;;;;;;
;деньги дай;деньги дай;;;;;;;;;;
;деньги в долг даем деньги;деньги в долг даем деньги;;;;;;;;;;
;деньги за час;деньги за час;;;;;;;;;;
;отдамся за деньги;отдамся за деньги;;;;;;;;;;
;деньги сущность денег функции денег;деньги сущность денег функции денег;;;;;;;;;;
;срочно срочно нужны деньги;срочно срочно нужны деньги;;;;;;;;;;
;нужны деньги;нужны деньги;;;;;;;;;;
;мгновенные деньги;мгновенные деньги;;;;;;;;;;
;деньги мгновенно;деньги мгновенно;;;;;;;;;;
;деньги под расписку;деньги под расписку;;;;;;;;;;
;дам деньги в долг под расписку;дам деньги в долг под расписку;;;;;;;;;;
;даю деньги в долг под расписку;даю деньги в долг под расписку;;;;;;;;;;
;дают деньги в долг под расписку;дают деньги в долг под расписку;;;;;;;;;;
;дал деньги в долг под расписку;дал деньги в долг под расписку;;;;;;;;;;
;деньги частные займы частным лицам;деньги частные займы частным лицам;;;;;;;;;;
;минет за деньги;минет за деньги;;;;;;;;;;
;срочно нужны деньги плохая кредитная история;срочно нужны деньги плохая кредитная история;;;;;;;;;;
;взять деньги в долг;взять деньги в долг;;;;;;;;;;
;деньги в долг срочно с плохой кредитной историей;деньги в долг срочно с плохой кредитной историей;;;;;;;;;;
;деньги в займы;деньги в займы;;;;;;;;;;
;взять деньги в долг у частного лица;взять деньги в долг у частного лица;;;;;;;;;;
;занять деньги;занять деньги;;;;;;;;;;
;интернет деньги;интернет деньги;;;;;;;;;;
;дам деньги в долг под проценты;дам деньги в долг под проценты;;;;;;;;;;
;даю деньги в долг под проценты;даю деньги в долг под проценты;;;;;;;;;;
;даем деньги в долг под проценты;даем деньги в долг под проценты;;;;;;;;;;
;дайте деньги в долг под проценты;дайте деньги в долг под проценты;;;;;;;;;;
;срочно нужны деньги в долг под расписку;срочно нужны деньги в долг под расписку;;;;;;;;;;
;быстрые деньги в долг;быстрые деньги в долг;;;;;;;;;;
;быстро деньги в долг;быстро деньги в долг;;;;;;;;;;
;деньги дома;деньги дома;;;;;;;;;;
;вложить деньги под проценты;вложить деньги под проценты;;;;;;;;;;
;деньги под проценты у частного лица;деньги под проценты у частного лица;;;;;;;;;;
;деньги наличными;деньги наличными;;;;;;;;;;
;дам деньги в долг частное лицо;дам деньги в долг частное лицо;;;;;;;;;;
;частное лицо даст деньги в долг;частное лицо даст деньги в долг;;;;;;;;;;
;чaстноe лицо дам деньги в долг;чaстноe лицо дам деньги в долг;;;;;;;;;;
;деньги в рассрочку;деньги в рассрочку;;;;;;;;;;
;быстрые деньги займ;быстрые деньги займ;;;;;;;;;;
;деньги взаймы;деньги взаймы;;;;;;;;;;
;срочный займ займу деньги;срочный займ займу деньги;;;;;;;;;;
;деньги в долг с плохой кредитной историей;деньги в долг с плохой кредитной историей;;;;;;;;;;
;деньги срочно с плохой кредитной историей;деньги срочно с плохой кредитной историей;;;;;;;;;;
;дам деньги под проценты;дам деньги под проценты;;;;;;;;;;
;даю деньги под проценты;даю деньги под проценты;;;;;;;;;;
;дать деньги под проценты;дать деньги под проценты;;;;;;;;;;
;займу деньги под расписку;займу деньги под расписку;;;;;;;;;;
;займу деньги под проценты;займу деньги под проценты;;;;;;;;;;
;вложу деньги в бизнес;вложу деньги в бизнес;;;;;;;;;;
;деньги в займы срочно;деньги в займы срочно;;;;;;;;;;
;возьму деньги под проценты;возьму деньги под проценты;;;;;;;;;;
;дам деньги под расписку;дам деньги под расписку;;;;;;;;;;
;даю деньги под расписку;даю деньги под расписку;;;;;;;;;;
;даем деньги под расписку;даем деньги под расписку;;;;;;;;;;
;взять деньги в долг под расписку;взять деньги в долг под расписку;;;;;;;;;;
;деньги ру;деньги ру;;;;;;;;;;
;деньги в долг теле2;деньги в долг теле2;;;;;;;;;;
;деньги в долг без банка;деньги в долг без банка;;;;;;;;;;
;деньги в долг без банков;деньги в долг без банков;;;;;;;;;;
;деньги под честное слово;деньги под честное слово;;;;;;;;;;
;деньги день в день;деньги день в день;;;;;;;;;;
;возьму деньги в долг под проценты у частного лица;возьму деньги в долг под проценты у частного лица;;;;;;;;;;
;деньги в банк под проценты;деньги в банк под проценты;;;;;;;;;;
;занять деньги срочно;занять деньги срочно;;;;;;;;;;
;деньги до зарплаты онлайн;деньги до зарплаты онлайн;;;;;;;;;;
;взять деньги в долг срочно;взять деньги в долг срочно;;;;;;;;;;
;срочный взять деньги в долг;срочный взять деньги в долг;;;;;;;;;;
;любовь за деньги;любовь за деньги;;;;;;;;;;
;деньги в долг под проценты;деньги в долг под проценты;;;;;;;;;;
;деньги взаймы срочно;деньги взаймы срочно;;;;;;;;;;
;деньги всем;деньги всем;;;;;;;;;;
;деньги в день обращения;деньги в день обращения;;;;;;;;;;
;занять деньги в долг;занять деньги в долг;;;;;;;;;;
;деньги под расписку срочно;деньги под расписку срочно;;;;;;;;;;
;одолжу деньги;одолжу деньги;;;;;;;;;;
;срочно нужны деньги помогите;срочно нужны деньги помогите;;;;;;;;;;
;деньги срочный займ;деньги срочный займ;;;;;;;;;;
;доступные деньги;доступные деньги;;;;;;;;;;
;занять деньги у частного лица;занять деньги у частного лица;;;;;;;;;;
;моментальные деньги;моментальные деньги;;;;;;;;;;
;срочные деньги в долг от частного лица;срочные деньги в долг от частного лица;;;;;;;;;;
;соцопросы за деньги;соцопросы за деньги;;;;;;;;;;
;займу деньги ру;займу деньги ру;;;;;;;;;;
;деньги в долг по паспорту;деньги в долг по паспорту;;;;;;;;;;
;помощь деньгами;помощь деньгами;;;;;;;;;;
;онлайн деньги в долг;онлайн деньги в долг;;;;;;;;;;
;дам деньги в долг срочно;дам деньги в долг срочно;;;;;;;;;;
;даю деньги в долг срочно;даю деньги в долг срочно;;;;;;;;;;
;возьму деньги под проценты у частного лица;возьму деньги под проценты у частного лица;;;;;;;;;;
;срочно деньги под проценты;срочно деньги под проценты;;;;;;;;;;
;срочно взять срочно деньги в долг;срочно взять срочно деньги в долг;;;;;;;;;;
;деньги получить;деньги получить;;;;;;;;;;
;деньги наличными в день обращения;деньги наличными в день обращения;;;;;;;;;;
;взять деньги;взять деньги;;;;;;;;;;
;деньги на бизнеса;деньги на бизнеса;;;;;;;;;;
;очень срочно нужны деньги;очень срочно нужны деньги;;;;;;;;;;
;срочно нужны деньги в долг с плохой кредитной историей;срочно нужны деньги в долг с плохой кредитной историей;;;;;;;;;;
;возьму деньги в долг под проценты;возьму деньги в долг под проценты;;;;;;;;;;
;деньги за 15 минут;деньги за 15 минут;;;;;;;;;;
;деньги в долг срочно под расписку;деньги в долг срочно под расписку;;;;;;;;;;
;деньги в долг в нсс;деньги в долг в нсс;;;;;;;;;;
;быстрые деньги онлайн;быстрые деньги онлайн;;;;;;;;;;
;как вернуть деньги по расписке;как вернуть деньги по расписке;;;;;;;;;;
;очень нужны деньги;очень нужны деньги;;;;;;;;;;
;нужны деньги в долг;нужны деньги в долг;;;;;;;;;;
;микро деньги;микро деньги;;;;;;;;;;
;деньги на дом срочно;деньги на дом срочно;;;;;;;;;;
;дам деньги на бизнес;дам деньги на бизнес;;;;;;;;;;
;банк быстро деньги;банк быстро деньги;;;;;;;;;;
;деньги до зарплаты франшиза;деньги до зарплаты франшиза;;;;;;;;;;
;частные деньги;частные деньги;;;;;;;;;;
;деньги по паспорту;деньги по паспорту;;;;;;;;;;
;взять деньги в долг с плохой кредитной историей;взять деньги в долг с плохой кредитной историей;;;;;;;;;;
;деньги в долг срочно с 18 лет;деньги в долг срочно с 18 лет;;;;;;;;;;
;деньги с плохой кредитной историей;деньги с плохой кредитной историей;;;;;;;;;;
;срочные деньги в долг с 18 лет;срочные деньги в долг с 18 лет;;;;;;;;;;
;деньги в долг безработным;деньги в долг безработным;;;;;;;;;;
;куни за деньги;куни за деньги;;;;;;;;;;
;микрофинанс деньги сразу;микрофинанс деньги сразу;;;;;;;;;;
;деньги без справок и поручителей;деньги без справок и поручителей;;;;;;;;;;
;даю деньги в долг без залога;даю деньги в долг без залога;;;;;;;;;;
;дам деньги в долг без залога;дам деньги в долг без залога;;;;;;;;;;
;одолжу деньги под проценты;одолжу деньги под проценты;;;;;;;;;;
;взять деньги под расписку;взять деньги под расписку;;;;;;;;;;
;деньги в долг до зарплаты;деньги в долг до зарплаты;;;;;;;;;;
;даем деньги ру;даем деньги ру;;;;;;;;;;
;дам деньги ру;дам деньги ру;;;;;;;;;;
;нано деньги;нано деньги;;;;;;;;;;
;деньги частный займ;деньги частный займ;;;;;;;;;;
;деньги в долг под расписку без залога;деньги в долг под расписку без залога;;;;;;;;;;
;нужны деньги под проценты;нужны деньги под проценты;;;;;;;;;;
;деньги без проблем;деньги без проблем;;;;;;;;;;
;взять деньги быстро;взять деньги быстро;;;;;;;;;;
;взять быстрые деньги;взять быстрые деньги;;;;;;;;;;
;мгновенные деньги онлайн заявка;мгновенные деньги онлайн заявка;;;;;;;;;;
;центрозайм деньги до зарплаты;центрозайм деньги до зарплаты;;;;;;;;;;
;быстрые деньги до зарплаты;быстрые деньги до зарплаты;;;;;;;;;;
;деньги до получки;деньги до получки;;;;;;;;;;
;деньги до зарплаты быстро;деньги до зарплаты быстро;;;;;;;;;;
;срочно нужны деньги под проценты;срочно нужны деньги под проценты;;;;;;;;;;
;пересплю за деньги;пересплю за деньги;;;;;;;;;;
;деньги взаймы под проценты;деньги взаймы под проценты;;;;;;;;;;
;срочно взять деньги;срочно взять деньги;;;;;;;;;;
;деньги в долг срочно у частного лица;деньги в долг срочно у частного лица;;;;;;;;;;
;взять деньги в рассрочку;взять деньги в рассрочку;;;;;;;;;;
;обои для рабочего стола деньги рубли;обои для рабочего стола деньги рубли;;;;;;;;;;
;деньги в долг объявления;деньги в долг объявления;;;;;;;;;;
;деньги на малого бизнеса;деньги на малого бизнеса;;;;;;;;;;
;деньги в долг без процентов;деньги в долг без процентов;;;;;;;;;;
;деньги в кармане;деньги в кармане;;;;;;;;;;
;деньги в долг деньги до зарплаты;деньги в долг деньги до зарплаты;;;;;;;;;;
;деньги в долг без залога;деньги в долг без залога;;;;;;;;;;
;деньги без залога и поручителей;деньги без залога и поручителей;;;;;;;;;;
;получит деньги быстро;получит деньги быстро;;;;;;;;;;
;быстрые деньги получить;быстрые деньги получить;;;;;;;;;;
;деньги без банка;деньги без банка;;;;;;;;;;
;деньги людям;деньги людям;;;;;;;;;;
;занять деньги до зарплаты;занять деньги до зарплаты;;;;;;;;;;
;нужны деньги с плохой кредитной историей;нужны деньги с плохой кредитной историей;;;;;;;;;;
;кто дает деньги под проценты;кто дает деньги под проценты;;;;;;;;;;
;дам деньги под проценты срочно;дам деньги под проценты срочно;;;;;;;;;;
;дам деньги в долг срочно деньги;дам деньги в долг срочно деньги;;;;;;;;;;
;ищу деньги в долг;ищу деньги в долг;;;;;;;;;;
;деньги с 18 лет;деньги с 18 лет;;;;;;;;;;
;занять деньги быстро;занять деньги быстро;;;;;;;;;;
;дайте деньги срочно под проценты;дайте деньги срочно под проценты;;;;;;;;;;
;дам деньги под проценты у частного лица;дам деньги под проценты у частного лица;;;;;;;;;;
;нужна помощь деньгами;нужна помощь деньгами;;;;;;;;;;
;деньги в долг в гродно;деньги в долг в гродно;;;;;;;;;;
;даю деньги под проценты у частных лиц;даю деньги под проценты у частных лиц;;;;;;;;;;
;дам в рот за деньги;дам в рот за деньги;;;;;;;;;;
;деньги студентам;деньги студентам;;;;;;;;;;
;если срочно нужны деньги что делать;если срочно нужны деньги что делать;;;;;;;;;;
;объявления о деньгах;объявления о деньгах;;;;;;;;;;
;взять деньги до зарплаты;взять деньги до зарплаты;;;;;;;;;;
;дам деньги в займы;дам деньги в займы;;;;;;;;;;
;даем в займы деньги;даем в займы деньги;;;;;;;;;;
;даю деньги в займы;даю деньги в займы;;;;;;;;;;
;деньги под проценты без залога;деньги под проценты без залога;;;;;;;;;;
;срочно нужны деньги до зарплаты;срочно нужны деньги до зарплаты;;;;;;;;;;
;деньги под проценты под расписку;деньги под проценты под расписку;;;;;;;;;;
;получить деньги в долг;получить деньги в долг;;;;;;;;;;
;бизнес деньги в долг;бизнес деньги в долг;;;;;;;;;;
;дом под деньги под;дом под деньги под;;;;;;;;;;
;деньги под паспорт;деньги под паспорт;;;;;;;;;;
;срочно деньги безработным;срочно деньги безработным;;;;;;;;;;
;как получить деньги с должника;как получить деньги с должника;;;;;;;;;;
;возьму деньги взаймы;возьму деньги взаймы;;;;;;;;;;
;нужны деньги помогите;нужны деньги помогите;;;;;;;;;;
;деньги в залог;деньги в залог;;;;;;;;;;
;деньги в долг без справок и поручителей;деньги в долг без справок и поручителей;;;;;;;;;;
;деньги без справок;деньги без справок;;;;;;;;;;
;деньги в долг без справок без поручителей;деньги в долг без справок без поручителей;;;;;;;;;;
;взять деньги у частного лица;взять деньги у частного лица;;;;;;;;;;
;деловые деньги;деловые деньги;;;;;;;;;;
;дам деньги под проценты без залога;дам деньги под проценты без залога;;;;;;;;;;
;деньги срочно до зарплаты;деньги срочно до зарплаты;;;;;;;;;;
;взять деньги в займы;взять деньги в займы;;;;;;;;;;
;срочно надо деньги;срочно надо деньги;;;;;;;;;;
;активные деньги;активные деньги;;;;;;;;;;
;деньги в долг круглосуточно;деньги в долг круглосуточно;;;;;;;;;;
;деньги в долг на дом;деньги в долг на дом;;;;;;;;;;
;деньги в долг qiwi;деньги в долг qiwi;;;;;;;;;;
;срочно нужны деньги от частного лица;срочно нужны деньги от частного лица;;;;;;;;;;
;деньги в долг студентам;деньги в долг студентам;;;;;;;;;;
;деньги до зп;деньги до зп;;;;;;;;;;
;деньги за 30 минут;деньги за 30 минут;;;;;;;;;;
;возьму деньги в долг у частного лица под расписку;возьму деньги в долг у частного лица под расписку;;;;;;;;;;
;нуждаюсь в деньгах;нуждаюсь в деньгах;;;;;;;;;;
;деньги наличными срочно;деньги наличными срочно;;;;;;;;;;
;деньги под зарплату;деньги под зарплату;;;;;;;;;;
;дам деньги взаймы;дам деньги взаймы;;;;;;;;;;
;дам деньги в долг объявления;дам деньги в долг объявления;;;;;;;;;;
;срочно дам деньги в долг под расписку;срочно дам деньги в долг под расписку;;;;;;;;;;
;объявление даю деньги в долг;объявление даю деньги в долг;;;;;;;;;;
;дают деньги взаймы;дают деньги взаймы;;;;;;;;;;
;займу деньги без залога;займу деньги без залога;;;;;;;;;;
;помощь в получение деньги;помощь в получение деньги;;;;;;;;;;
;деньги в долг не банк;деньги в долг не банк;;;;;;;;;;
;деньги в долг срочно под проценты;деньги в долг срочно под проценты;;;;;;;;;;
;деньги 1;деньги 1;;;;;;;;;;
;деньги ссуду;деньги ссуду;;;;;;;;;;
;взять деньги под проценты срочно;взять деньги под проценты срочно;;;;;;;;;;
;взять деньги в долг срочно у частного лица;взять деньги в долг срочно у частного лица;;;;;;;;;;
;деньги под бизнес;деньги под бизнес;;;;;;;;;;
;встречусь за деньги;встречусь за деньги;;;;;;;;;;
;частные объявления деньги в долг;частные объявления деньги в долг;;;;;;;;;;
;деньги в долг с 20 лет;деньги в долг с 20 лет;;;;;;;;;;
;деньги под;деньги под;;;;;;;;;;
;окажу помощь деньгами;окажу помощь деньгами;;;;;;;;;;
;дам деньги всем;дам деньги всем;;;;;;;;;;
;деньги в долг в залог паспорт;деньги в долг в залог паспорт;;;;;;;;;;
;даем деньги всем;даем деньги всем;;;;;;;;;;
;даю деньги в долг под проценты без залога;даю деньги в долг под проценты без залога;;;;;;;;;;
;деньги в долг от 18 лет;деньги в долг от 18 лет;;;;;;;;;;
;срочно нужны деньги сегодня;срочно нужны деньги сегодня;;;;;;;;;;
;дам деньги в долг под процент без залога;дам деньги в долг под процент без залога;;;;;;;;;;
;займ на дом деньги на дом;займ на дом деньги на дом;;;;;;;;;;
;быстро нужны деньги;быстро нужны деньги;;;;;;;;;;
;нужны быстрые деньги;нужны быстрые деньги;;;;;;;;;;
;деньги в долг за час;деньги в долг за час;;;;;;;;;;
;деньги в долг срочно онлайн;деньги в долг срочно онлайн;;;;;;;;;;
;деньги по расписке;деньги по расписке;;;;;;;;;;
;деньги в долг ру;деньги в долг ру;;;;;;;;;;
;дам деньги в долг без залога под расписку;дам деньги в долг без залога под расписку;;;;;;;;;;
;срочно деньги от частного лица;срочно деньги от частного лица;;;;;;;;;;
;займы и деньги;займы и деньги;;;;;;;;;;
;занять деньги у частного лица под проценты;занять деньги у частного лица под проценты;;;;;;;;;;
;деньги в долг не работающим;деньги в долг не работающим;;;;;;;;;;
;деньги в долг без предоплаты;деньги в долг без предоплаты;;;;;;;;;;
;деньги срочно в долг по паспорту;деньги срочно в долг по паспорту;;;;;;;;;;
;быстрые деньги наличными;быстрые деньги наличными;;;;;;;;;;
;как получить деньги на бизнеса;как получить деньги на бизнеса;;;;;;;;;;
;деньги в долг наличными;деньги в долг наличными;;;;;;;;;;
;дам деньги под;дам деньги под;;;;;;;;;;
;деньги наличными без предоплаты;деньги наличными без предоплаты;;;;;;;;;;
;срочно дам деньги;срочно дам деньги;;;;;;;;;;
;деньги по вызову;деньги по вызову;;;;;;;;;;
;занять деньги онлайн;занять деньги онлайн;;;;;;;;;;
;даю деньги под;даю деньги под;;;;;;;;;;
;деньги на любые нужды;деньги на любые нужды;;;;;;;;;;
;моментально деньги в долг;моментально деньги в долг;;;;;;;;;;
;деньги в долг 24;деньги в долг 24;;;;;;;;;;
;деньги в долг без прописки;деньги в долг без прописки;;;;;;;;;;
;нужны деньги сегодня;нужны деньги сегодня;;;;;;;;;;
;деньги на месяц;деньги на месяц;;;;;;;;;;
;помогите деньгами срочно;помогите деньгами срочно;;;;;;;;;;
;быстро взять деньги в долг;быстро взять деньги в долг;;;;;;;;;;
;деньги в долг срочно сегодня;деньги в долг срочно сегодня;;;;;;;;;;
;деньги в долг всем;деньги в долг всем;;;;;;;;;;
;деньги в долг на покупку авто;деньги в долг на покупку авто;;;;;;;;;;
;деньги сегодня срочно;деньги сегодня срочно;;;;;;;;;;
;деньги взаймы до зарплаты;деньги взаймы до зарплаты;;;;;;;;;;
;получить срочно деньги;получить срочно деньги;;;;;;;;;;
;деньги для развития бизнеса;деньги для развития бизнеса;;;;;;;;;;
;деньги срочно онлайн;деньги срочно онлайн;;;;;;;;;;
;деньги в долг в день обращения;деньги в долг в день обращения;;;;;;;;;;
;дам деньги в долг под проценты частное лицо;дам деньги в долг под проценты частное лицо;;;;;;;;;;
;срочно деньги в день обращения;срочно деньги в день обращения;;;;;;;;;;
;деньги в долг под паспорт;деньги в долг под паспорт;;;;;;;;;;
;деньги в долг без справок;деньги в долг без справок;;;;;;;;;;
;быстрые деньги заявка;быстрые деньги заявка;;;;;;;;;;
;деньги на авто;деньги на авто;;;;;;;;;;
;деньги в долг под расписку без предоплаты;деньги в долг под расписку без предоплаты;;;;;;;;;;
;частное лицо даст в долг деньги под проценты;частное лицо даст в долг деньги под проценты;;;;;;;;;;
;срочные деньги по паспорту;срочные деньги по паспорту;;;;;;;;;;
;моментальные деньги займ;моментальные деньги займ;;;;;;;;;;
;деньги по договору займа;деньги по договору займа;;;;;;;;;;
;даю деньги в рассрочку;даю деньги в рассрочку;;;;;;;;;;
;деньги в займы с 18 лет;деньги в займы с 18 лет;;;;;;;;;;
;взять деньги с плохой кредитной историей;взять деньги с плохой кредитной историей;;;;;;;;;;
;быстрые деньги по паспорту;быстрые деньги по паспорту;;;;;;;;;;
;деньги в долг без участия банка;деньги в долг без участия банка;;;;;;;;;;
;деньги в долг у ростовщиков;деньги в долг у ростовщиков;;;;;;;;;;
;банки деньги под проценты;банки деньги под проценты;;;;;;;;;;
;деньги в долг без участия банков;деньги в долг без участия банков;;;;;;;;;;
;онлайн взять деньги в долг;онлайн взять деньги в долг;;;;;;;;;;
;быстро деньги по паспорту;быстро деньги по паспорту;;;;;;;;;;
;как получить деньги на малого бизнеса;как получить деньги на малого бизнеса;;;;;;;;;;
;займу деньги под;займу деньги под;;;;;;;;;;
;быстрые деньги онлайн заявка;быстрые деньги онлайн заявка;;;;;;;;;;
;деньги в рассрочку дам;деньги в рассрочку дам;;;;;;;;;;
;срочно нужны деньги 50000;срочно нужны деньги 50000;;;;;;;;;;
;дают деньги в рассрочку;дают деньги в рассрочку;;;;;;;;;;
;;;;;;;;;;;;
;;;;;;;;;;;;
;;;;;;;;;;;;
2;займы до зарплаты;займы до зарплаты;;;;;;;;;;
;быстрые займы;быстрые займы;;;;;;;;;;
;займ быстро;займ быстро;;;;;;;;;;
;займы онлайн;займы онлайн;;;;;;;;;;
;займы денег;займы денег;;;;;;;;;;
;займы срочно;займы срочно;;;;;;;;;;
;срочные займы;срочные займы;;;;;;;;;;
;cрочные займы;cрочные займы;;;;;;;;;;
;займы до зарплаты займ;займы до зарплаты займ;;;;;;;;;;
;займы до зарплаты займ;займы под расписку;;;;;;;;;;
;займы под расписку;займы с плохой кредитной историей;;;;;;;;;;
;займы с плохой кредитной историей;краткосрочные займы;;;;;;;;;;
;краткосрочные займы;займы по паспорту;;;;;;;;;;
;займы по паспорту;частный займ от частного лица;;;;;;;;;;
;частный займ от частного лица;займы физическим лицам;;;;;;;;;;
;займы физическим лицам;займ денег у частных лиц;;;;;;;;;;
;займ денег у частных лиц;займ от частного лица без залога;;;;;;;;;;
;займ от частного лица без залога;частный займ под расписку;;;;;;;;;;
;частный займ под расписку;частный займ;;;;;;;;;;
;частный займ;займы населению;;;;;;;;;;
;займы населению;частный займ без залога;;;;;;;;;;
;частный займ без залога;денежные займы;;;;;;;;;;
;денежные займы;быстрые займы денег;;;;;;;;;;
;быстрые займы денег;займ денег быстро;;;;;;;;;;
;займ денег быстро;заем или займ;;;;;;;;;;
;заем или займ;займ денег под расписку;;;;;;;;;;
;займ денег под расписку;взять займ;;;;;;;;;;
;взять займ;займ от частного лица под расписку;;;;;;;;;;
;займ от частного лица под расписку;срочный займ с плохой кредитной историей;;;;;;;;;;
;срочный займ с плохой кредитной историей;займы срочно с плохой кредитной историей;;;;;;;;;;
;займы срочно с плохой кредитной историей;займ легко;;;;;;;;;;
;займ легко;легкие займы;;;;;;;;;;
;легкие займы;срочный займ от частного лица;;;;;;;;;;
;срочный займ от частного лица;срочно займ от частного лица;;;;;;;;;;
;срочно займ от частного лица;быстрый займ по паспорту;;;;;;;;;;
;быстрый займ по паспорту;займы быстро по паспорту;;;;;;;;;;
;займы быстро по паспорту;займ денег под проценты;;;;;;;;;;
;займ денег под проценты;быстрые займы онлайн;;;;;;;;;;
;быстрые займы онлайн;займ онлайн быстро;;;;;;;;;;
;займ онлайн быстро;срочные займы онлайн;;;;;;;;;;
;срочные займы онлайн;онлайн займ срочно;;;;;;;;;;
;онлайн займ срочно;займ через интернет;;;;;;;;;;
;займ через интернет;частный займ срочно;;;;;;;;;;
;частный займ срочно;срочный частный займ;;;;;;;;;;
;срочный частный займ;мгновенные займы;;;;;;;;;;
;мгновенные займы;взять займ у частного лица;;;;;;;;;;
;взять займ у частного лица;моментальные займы;;;;;;;;;;
;моментальные займы;срочно взять займ;;;;;;;;;;
;срочно взять займ;взять срочный займ;;;;;;;;;;
;взять срочный займ;срочный займ денег;;;;;;;;;;
;срочный займ денег;займ денег срочно;;;;;;;;;;
;займ денег срочно;интернет займы;;;;;;;;;;
;интернет займы;займы безработным;;;;;;;;;;
;займы безработным;займ в день обращения;;;;;;;;;;
;займ в день обращения;займы до 50000;;;;;;;;;;
;займы до 50000;займы срочно по паспорту;;;;;;;;;;
;займы срочно по паспорту;займы с 18 лет;;;;;;;;;;
;займы с 18 лет;займ без справок и поручителей;;;;;;;;;;
;займ без справок и поручителей;займы без залогов;;;;;;;;;;
;займы без залогов;даем в займы;;;;;;;;;;
;даем в займы;долгосрочные займы;;;;;;;;;;
;долгосрочные займы;займ без залога;;;;;;;;;;
;займ без залога;займ на карту;;;;;;;;;;
;займ на карту;займ ру;;;;;;;;;;
;займ ру;займ под проценты;;;;;;;;;;
;займ под проценты;дам займ;;;;;;;;;;
;дам займ;дадим займ;;;;;;;;;;
;дадим займ;даю займ;;;;;;;;;;
;даю займ;взять займ онлайн;;;;;;;;;;
;взять займ онлайн;займ наличными;;;;;;;;;;
;займ наличными;займы на дом;;;;;;;;;;
;займы на дом;займы без проверки кредитной истории;;;;;;;;;;
;займы без проверки кредитной истории;займы всем;;;;;;;;;;
;займы всем;срочный займ до зарплаты;;;;;;;;;;
;срочный займ до зарплаты;займ до зарплаты срочно;;;;;;;;;;
;займ до зарплаты срочно;займы для бизнеса;;;;;;;;;;
;займы для бизнеса;займы до 100000;;;;;;;;;;
;займы до 100000;получить займ;;;;;;;;;;
;получить займ;выдам частный займ;;;;;;;;;;
;выдам частный займ;займы без залога и поручителей;;;;;;;;;;
;займы без залога и поручителей;займы без залогов и поручителей;;;;;;;;;;
;займы без залогов и поручителей;займы денег до зарплаты;;;;;;;;;;
;займы денег до зарплаты;частный займ денег;;;;;;;;;;
;частный займ денег;быстро получить займ;;;;;;;;;;
;быстро получить займ;быстрый займ до зарплаты;;;;;;;;;;
;быстрый займ до зарплаты;займ денег онлайн;;;;;;;;;;
;займ денег онлайн;займы без процентов;;;;;;;;;;
;займы без процентов;быстрые займы с плохой кредитной историей;;;;;;;;;;
;быстрые займы с плохой кредитной историей;займ за 5 минут;;;;;;;;;;
;займ за 5 минут;частный займ без предоплаты;;;;;;;;;;
;частный займ без предоплаты;займ за час;;;;;;;;;;
;займ за час;дам займ под расписку;;;;;;;;;;
;дам займ под расписку;даю займ под расписку;;;;;;;;;;
;даю займ под расписку;займы не выходя из дома;;;;;;;;;;
;займы не выходя из дома;ипотечные займы;;;;;;;;;;
;ипотечные займы;предоставлю займ;;;;;;;;;;
;предоставлю займ;займ круглосуточно;;;;;;;;;;
;займ круглосуточно;кредитные займы;;;;;;;;;;
;кредитные займы;займ оформить онлайн;;;;;;;;;;
;займ оформить онлайн;помощь в получении займа;;;;;;;;;;
;помощь в получении займа;ссуды займы;;;;;;;;;;
;ссуды займы;cсуда займ;;;;;;;;;;
;cсуда займ;взять займ с плохой кредитной историей;;;;;;;;;;
;взять займ с плохой кредитной историей;даю частный займ;;;;;;;;;;
;даю частный займ;дам частный займ;;;;;;;;;;
;дам частный займ;даем частные займы;;;;;;;;;;
;даем частные займы;займы студентам;;;;;;;;;;
;займы студентам;процентные займы;;;;;;;;;;
;процентные займы;дам денег в займы;;;;;;;;;;
;дам денег в займы;срочно нужны займ;;;;;;;;;;
;срочно нужны займ;дайте денег в займы;;;;;;;;;;
;дайте денег в займы;нужен срочный займ;;;;;;;;;;
;нужен срочный займ;займы срочно с плохой кредитной историей срочно;;;;;;;;;;
;займы срочно с плохой кредитной историей срочно;займы для пенсионеров;;;;;;;;;;
;займы для пенсионеров;займ денег с 18 лет;;;;;;;;;;
;займ денег с 18 лет;онлайн заявка на займ;;;;;;;;;;
;онлайн заявка на займ;малый займ;;;;;;;;;;
;малый займ;моментальные онлайн займы;;;;;;;;;;
;моментальные онлайн займы;мгновенные займы на карту;;;;;;;;;;
;мгновенные займы на карту;нужен займ;;;;;;;;;;
;нужен займ;заявка на займ;;;;;;;;;;
;заявка на займ;займ без справок;;;;;;;;;;
;займ без справок;займ до 10000;;;;;;;;;;
;займ до 10000;займы малому бизнесу;;;;;;;;;;
;займы малому бизнесу;срочно нужен частный займ;;;;;;;;;;
;срочно нужен частный займ;займы до 30000;;;;;;;;;;
;займы до 30000;займ денег в долг;;;;;;;;;;
;займ денег в долг;быстрый частный займ;;;;;;;;;;
;быстрый частный займ;быстрые денежные займы;;;;;;;;;;
;быстрые денежные займы;денежные займы быстро;;;;;;;;;;
;денежные займы быстро;займы до получки;;;;;;;;;;
;займы до получки;займы на год;;;;;;;;;;
;займы на год;срочные денежные займы;;;;;;;;;;
;срочные денежные займы;денежный займ срочно;;;;;;;;;;
;денежный займ срочно;займы без предоплаты;;;;;;;;;;
;займы без предоплаты;займы с доставкой;;;;;;;;;;
;займы с доставкой;взять денег в займы;;;;;;;;;;
;взять денег в займы;взять частный займ;;;;;;;;;;
;взять частный займ;взять быстрый займ;;;;;;;;;;
;взять быстрый займ;срочный займ через интернет;;;;;;;;;;
;срочный займ через интернет;взять займ быстро;;;;;;;;;;
;взять займ быстро;мгновенный онлайн займ;;;;;;;;;;
;мгновенный онлайн займ;займы с 20 лет;;;;;;;;;;
;займы с 20 лет;займ без банков;;;;;;;;;;
;займ без банков;блиц займ;;;;;;;;;;
;блиц займ;предоставлю частный займ от частного лица без предоплаты;;;;;;;;;;
;предоставлю частный займ от частного лица без предоплаты;займ 20000;;;;;;;;;;
;займ 20000;займы в питере;;;;;;;;;;
;займы в питере;займ денег без залога;;;;;;;;;;
;займ денег без залога;оформить займ;;;;;;;;;;
;оформить займ;взять займ до зарплаты;;;;;;;;;;
;взять займ до зарплаты;займы без поручителей;;;;;;;;;;
;займы без поручителей;быстрый займ через интернет;;;;;;;;;;
;быстрый займ через интернет;займы по расписке;;;;;;;;;;
;займы по расписке;займы без прописки;;;;;;;;;;
;займы без прописки;предоставлю частный займ;;;;;;;;;;
;предоставлю частный займ;100 займы;;;;;;;;;;
;100 займы;дай пять займы;;;;;;;;;;
;дай пять займы;займ 5000 рублей;;;;;;;;;;
;займ 5000 рублей;быстро займ с 18 лет;;;;;;;;;;
;быстро займ с 18 лет;быстрый займ с 18 лет;;;;;;;;;;
;быстрый займ с 18 лет;взять займ через интернет;;;;;;;;;;
;взять займ через интернет;срочные займы на дом;;;;;;;;;;
;срочные займы на дом;мелкие займы;;;;;;;;;;
;мелкие займы;займы срочно на дом;;;;;;;;;;
;займы срочно на дом;займ денег через интернет;;;;;;;;;;
;займ денег через интернет;займы в долг;;;;;;;;;;
;займы в долг;займы под;;;;;;;;;;
;займы под;займ под авто;;;;;;;;;;
;займ под авто;займ денег в интернете;;;;;;;;;;
;займ денег в интернете;займ под расписку срочно;;;;;;;;;;
;займ под расписку срочно;срочный займ под расписку;;;;;;;;;;
;срочный займ под расписку;займ без справок о доходах;;;;;;;;;;
;займ без справок о доходах;частные займы без залога под расписку;;;;;;;;;;
;частные займы без залога под расписку;срочный интернет займ;;;;;;;;;;
;срочный интернет займ;быстрый займ от частного лица;;;;;;;;;;
;быстрый займ от частного лица;интернет займы срочно;;;;;;;;;;
;интернет займы срочно;займ на месяц;;;;;;;;;;
;займ на месяц;займ денег на дом;;;;;;;;;;
;займ денег на дом;очень срочные займы;;;;;;;;;;
;очень срочные займы;займы наличными с 18 лет;;;;;;;;;;
;займы наличными с 18 лет;быстрые займы без проверок кредитных историй;;;;;;;;;;
;быстрые займы без проверок кредитных историй;займ 30000 рублей;;;;;;;;;;
;займ 30000 рублей;займ до 5000;;;;;;;;;;
;займ до 5000;займы по двум документам;;;;;;;;;;
;займы по двум документам;доверительные займы;;;;;;;;;;
;доверительные займы;быстрый интернет займ;;;;;;;;;;
;быстрый интернет займ;займы физическим лицам без залога;;;;;;;;;;
;займы физическим лицам без залога;денежные займы онлайн;;;;;;;;;;
;денежные займы онлайн;ссуды и займы;;;;;;;;;;
;ссуды и займы;срочный взять займ у частного лица;;;;;;;;;;
;срочный взять займ у частного лица;займы денег круглосуточно;;;;;;;;;;
;займы денег круглосуточно;частные займы с 18 лет;;;;;;;;;;
;частные займы с 18 лет;срочный займ с 18 лет;;;;;;;;;;
;срочный займ с 18 лет;срочные займы наличными;;;;;;;;;;
;срочные займы наличными;займ с 18 лет срочно;;;;;;;;;;
;займ с 18 лет срочно;частные займы без залога без предоплаты;;;;;;;;;;
;частные займы без залога без предоплаты;частные объявления о займах;;;;;;;;;;
;частные объявления о займах;быстрый займ наличными;;;;;;;;;;
;быстрый займ наличными;дам частный займ от частного лица без предоплаты;;;;;;;;;;
;дам частный займ от частного лица без предоплаты;срочный займ всем;;;;;;;;;;
;срочный займ всем;займы денег без процентов;;;;;;;;;;
;займы денег без процентов;займы всем срочно;;;;;;;;;;
;займы всем срочно;займ денег с плохой кредитной историей;;;;;;;;;;
;займ денег с плохой кредитной историей;займ без проблем;;;;;;;;;;
;займ без проблем;получить займ через интернет;;;;;;;;;;
;получить займ через интернет;займы наличными срочно;;;;;;;;;;
;займы наличными срочно;займы наличными быстро;;;;;;;;;;
;займы наличными быстро;займ без кредитной истории;;;;;;;;;;
;займ без кредитной истории;займы населению через интернет;;;;;;;;;;
;займы населению через интернет;быстрые займы без залога и поручителя;;;;;;;;;;
;быстрые займы без залога и поручителя;займы 50 000;;;;;;;;;;
;займы 50 000;дать займ под проценты;;;;;;;;;;
;дать займ под проценты;займ за 30 минут;;;;;;;;;;
;займ за 30 минут;займ денег по паспорту;;;;;;;;;;
;займ денег по паспорту;онлайн займы с плохой кредитной историей;;;;;;;;;;
;онлайн займы с плохой кредитной историей;кредитная история не важна займ;;;;;;;;;;
;кредитная история не важна займ;быстрый займ в питере;;;;;;;;;;
;быстрый займ в питере;;;;;;;;;;;
;;;;;;;;;;;;
;;;;;;;;;;;;
;;;;;;;;;;;;
3;кредитные брокеры;кредитные брокеры;;;;;;;;;;
;кредитные карты онлайн;кредитные карты онлайн;;;;;;;;;;
;оформить кредитную карту онлайн;оформить кредитную карту онлайн;;;;;;;;;;
;кредитные карты без справок о доходах;кредитные карты без справок о доходах;;;;;;;;;;
;кредитная карта онлайн заявка;кредитная карта онлайн заявка;;;;;;;;;;
;кредитные карты отп банка;кредитные карты отп банка;;;;;;;;;;
;кредитные карты без справок и поручителей;кредитные карты без справок и поручителей;;;;;;;;;;
;кредитная карта по почте;кредитная карта по почте;;;;;;;;;;
;кредитные карты в день обращения;кредитные карты в день обращения;;;;;;;;;;
;оформить кредитную карту;оформить кредитную карту;;;;;;;;;;
;оформляем кредитную карту;оформляем кредитную карту;;;;;;;;;;
;кредитная карта с льготным периодом;кредитная карта с льготным периодом;;;;;;;;;;
;как исправить кредитную историю;как исправить кредитную историю;;;;;;;;;;
;кредитные карты банков;кредитные карты банков;;;;;;;;;;
;кредитная карта банка;кредитная карта банка;;;;;;;;;;
;банк кредитных карт;банк кредитных карт;;;;;;;;;;
;микрозаймы с плохой кредитной историей;микрозаймы с плохой кредитной историей;;;;;;;;;;
;микрозайм с плохой кредитной историей;микрозайм с плохой кредитной историей;;;;;;;;;;
;оформить кредитную карту онлайн без справок;оформить кредитную карту онлайн без справок;;;;;;;;;;
;кредитные карты с 18 лет;кредитные карты с 18 лет;;;;;;;;;;
;моментальная кредитная карта;моментальная кредитная карта;;;;;;;;;;
;моментально кредитную карту;моментально кредитную карту;;;;;;;;;;
;быстрые кредитные карты;быстрые кредитные карты;;;;;;;;;;
;кредитные карты быстро;кредитные карты быстро;;;;;;;;;;
;плохая кредитная история;плохая кредитная история;;;;;;;;;;
;получить кредитную карту;получить кредитную карту;;;;;;;;;;
;кредитные карты с плохой кредитной историей;кредитные карты с плохой кредитной историей;;;;;;;;;;
;кредитные карты с плохой кредитной историей;кредитные карты с льготным периодом кредитования;;;;;;;;;;
;кредитные карты с льготным периодом кредитования;кредитная карта по паспорту;;;;;;;;;;
;кредитная карта по паспорту;кредитные карты с 20 лет;;;;;;;;;;
;кредитные карты с 20 лет;заявка на кредитные карты;;;;;;;;;;
;заявка на кредитные карты;кредитная карта заказать онлайн;;;;;;;;;;
;кредитная карта заказать онлайн;кредитная карта оформление онлайн;;;;;;;;;;
;кредитная карта оформление онлайн;кредитные карты без справок;;;;;;;;;;
;кредитные карты без справок;кредитная карта с льготным периодом на снятие наличных;;;;;;;;;;
;кредитная карта с льготным периодом на снятие наличных;кредитная карта на дом;;;;;;;;;;
;кредитная карта на дом;оформление кредитной карты;;;;;;;;;;
;оформление кредитной карты;кредитная карта с 19 лет;;;;;;;;;;
;кредитная карта с 19 лет;кредитные карты безработным;;;;;;;;;;
;кредитные карты безработным;кредитные карты с доставкой на дом;;;;;;;;;;
;кредитные карты с доставкой на дом;кредитная карта онлайн без справок;;;;;;;;;;
;кредитная карта онлайн без справок;получить кредитную карту по почте;;;;;;;;;;
;получить кредитную карту по почте;убрир кредитная карта;;;;;;;;;;
;убрир кредитная карта;заказать кредитную карту;;;;;;;;;;
;заказать кредитную карту;кредитные карты срочно;;;;;;;;;;
;кредитные карты срочно;срочные кредитные карты;;;;;;;;;;
;срочные кредитные карты;кредитная карта без справок в день обращения;;;;;;;;;;
;кредитная карта без справок в день обращения;кредитные карты с льготным периодом 100 дней;;;;;;;;;;
;кредитные карты с льготным периодом 100 дней;кредитная карта за 15 минут;;;;;;;;;;
;кредитная карта за 15 минут;лучшие кредитные карты;;;;;;;;;;
;лучшие кредитные карты;кредитные ставки;;;;;;;;;;
;кредитные ставки;заказать кредитную карту по почте;;;;;;;;;;
;заказать кредитную карту по почте;кредитная карта за 5 минут;;;;;;;;;;
;кредитная карта за 5 минут;кредитная карта за 1 день;;;;;;;;;;
;кредитная карта за 1 день;очищаю кредитную историю;;;;;;;;;;
;очищаю кредитную историю;очищу кредитную историю;;;;;;;;;;
;очищу кредитную историю;ипотека с плохой кредитной историей;;;;;;;;;;
;ипотека с плохой кредитной историей;кредитные карты студентам;;;;;;;;;;
;кредитные карты студентам;оформить кредитную карту через интернет;;;;;;;;;;
;оформить кредитную карту через интернет;плохая кредитная история что делать;;;;;;;;;;
;плохая кредитная история что делать;заказать кредитную карту через интернет;;;;;;;;;;
;заказать кредитную карту через интернет;подать заявку на кредитную карту;;;;;;;;;;
;подать заявку на кредитную карту;кредитная карта за час;;;;;;;;;;
;кредитная карта за час;кредитная карта через интернет;;;;;;;;;;
;кредитная карта через интернет;взять кредитную карту;;;;;;;;;;
;взять кредитную карту;кредитная карта с 21 года;;;;;;;;;;
;кредитная карта с 21 года;почистить кредитную историю;;;;;;;;;;
;почистить кредитную историю;кредитные карты пенсионером;;;;;;;;;;
;кредитные карты пенсионером;кредитная карта за один день;;;;;;;;;;
;кредитная карта за один день;кредитная карта по двум документам;;;;;;;;;;
;кредитная карта по двум документам;оформить заявку на кредитную карту;;;;;;;;;;
;оформить заявку на кредитную карту;кредитная карта условия;;;;;;;;;;
;кредитная карта условия;кредитная карта за 30 минут;;;;;;;;;;
;кредитная карта за 30 минут;получить кредитную карту в день обращения;;;;;;;;;;
;получить кредитную карту в день обращения;оформить онлайн кредитную карту без справок и поручителей;;;;;;;;;;
;оформить онлайн кредитную карту без справок и поручителей;помощь в получении кредитной карты;;;;;;;;;;
;помощь в получении кредитной карты;кредитные карты без посещения банка;;;;;;;;;;
;кредитные карты без посещения банка;выдача кредитов с плохой кредитной историей;;;;;;;;;;
;выдача кредитов с плохой кредитной историей;оформить кредитную карту с плохой кредитной историей;;;;;;;;;;
;оформить кредитную карту с плохой кредитной историей;оформить кредитную карту быстро;;;;;;;;;;
;оформить кредитную карту с плохой кредитной историей;кредитные заявки;;;;;;;;;;
;оформить кредитную карту быстро;перекредитование с плохой кредитной историей;;;;;;;;;;
;кредитные заявки;кредитные карты получение;;;;;;;;;;
;перекредитование с плохой кредитной историей;альфа кредитная карта;;;;;;;;;;
;кредитные карты получение;кредитные карты с льготным периодом 200 дней;;;;;;;;;;
;альфа кредитная карта;кредитные долги;;;;;;;;;;
;кредитные карты с льготным периодом 200 дней;помощь в получении ипотеки с плохой кредитной историей;;;;;;;;;;
;кредитные долги;получить кредитную карту с плохой кредитной историей;;;;;;;;;;
;помощь в получении ипотеки с плохой кредитной историей;кредитная карта без регистрации;;;;;;;;;;
;получить кредитную карту с плохой кредитной историей;кредитные карты по 2 документам;;;;;;;;;;
;получить кредитную карту с плохой кредитной историей;оформить кредитную карту без справок о доходах;;;;;;;;;;
;кредитная карта без регистрации;взять кредитную карту с плохой кредитной историей;;;;;;;;;;
;кредитные карты по 2 документам;как активировать кредитную карту;;;;;;;;;;
;оформить кредитную карту без справок о доходах;кредитная карта без прописки;;;;;;;;;;
;взять кредитную карту с плохой кредитной историей;быстрое оформление кредитной карты;;;;;;;;;;
;взять кредитную карту с плохой кредитной историей;кредитный дом;;;;;;;;;;
;как активировать кредитную карту;взять кредитную карту без справок и поручителей;;;;;;;;;;
;кредитная карта без прописки;взять кредитную карту онлайн;;;;;;;;;;
;быстрое оформление кредитной карты;сделать кредитную карту;;;;;;;;;;
;кредитный дом;дайте кредитную карту;;;;;;;;;;
;взять кредитную карту без справок и поручителей;помощь в получении автокредита с плохой кредитной историей;;;;;;;;;;
;взять кредитную карту онлайн;получить кредитную историю;;;;;;;;;;
;сделать кредитную карту;заказ кредитной карты онлайн;;;;;;;;;;
;дайте кредитную карту;оформление кредитной карты через интернет;;;;;;;;;;
;помощь в получении автокредита с плохой кредитной историей;взять кредитную карту быстро;;;;;;;;;;
;получить кредитную историю;онлайн заявка на кредитную карту без справок;;;;;;;;;;
;заказ кредитной карты онлайн;кредитная история физических лиц;;;;;;;;;;
;оформление кредитной карты через интернет;кредитная карта по одному документу;;;;;;;;;;
;взять кредитную карту быстро;кредитная карта за 1 час;;;;;;;;;;
;онлайн заявка на кредитную карту без справок;кредитная помощь;;;;;;;;;;
;кредитная история физических лиц;кредитная карта со льготным периодом;;;;;;;;;;
;кредитная карта по одному документу;кредитные карты оформить с 18 лет;;;;;;;;;;
;кредитная карта за 1 час;кредитная карта оформить без справок;;;;;;;;;;
;кредитная помощь;оформить онлайн заявку на кредитную карту;;;;;;;;;;
;кредитная карта со льготным периодом;ссуды с плохой кредитной историей;;;;;;;;;;
;кредитные карты оформить с 18 лет;запросить кредитную историю;;;;;;;;;;
;кредитная карта оформить без справок;кредитные карты по интернету;;;;;;;;;;
;оформить онлайн заявку на кредитную карту;кредитные карты с низким процентом;;;;;;;;;;
;ссуды с плохой кредитной историей;кредитная карта с доставкой по почте;;;;;;;;;;
;запросить кредитную историю;оформить кредитную карту на дом;;;;;;;;;;
;кредитные карты по интернету;оставить заявку на кредитную карту;;;;;;;;;;
;кредитные карты с низким процентом;хочу оформить кредитную карту;;;;;;;;;;
;кредитная карта с доставкой по почте;заказ кредитных карт;;;;;;;;;;
;оформить кредитную карту на дом;кредитные карты с моментальным решением;;;;;;;;;;
;оставить заявку на кредитную карту;кредитные карты без справок быстро;;;;;;;;;;
;хочу оформить кредитную карту;нужна кредитная карта;;;;;;;;;;
;заказ кредитных карт;расчет по кредитным картам;;;;;;;;;;
;кредитные карты с моментальным решением;оформление кредитной карты с 18 лет;;;;;;;;;;
;кредитные карты без справок быстро;кредитная карта с плохой кредитной;;;;;;;;;;
;нужна кредитная карта;помощь с плохой кредитной историей;;;;;;;;;;
;расчет по кредитным картам;получить кредитную карту по паспорту;;;;;;;;;;
;оформление кредитной карты с 18 лет;кредитование с плохой кредитной историей;;;;;;;;;;
;кредитная карта с плохой кредитной;кредитная карта моментального выпуска;;;;;;;;;;
;кредитная карта с плохой кредитной;оформить кредитную карту по паспорту;;;;;;;;;;
;помощь с плохой кредитной историей;как быстро получить кредитную карту;;;;;;;;;;
;получить кредитную карту по паспорту;срочно оформить кредитную карту;;;;;;;;;;
;кредитование с плохой кредитной историей;помощь кредитные карты;;;;;;;;;;
;кредитная карта моментального выпуска;кредитная карта по почте без справок;;;;;;;;;;
;оформить кредитную карту по паспорту;кредитные карты с 18 лет без справки о доходах;;;;;;;;;;
;как быстро получить кредитную карту;заявка на получение кредитной карты;;;;;;;;;;
;срочно оформить кредитную карту;кредитные карты с большим льготный период;;;;;;;;;;
;помощь кредитные карты;кредитная карта с временной регистрацией;;;;;;;;;;
;кредитная карта по почте без справок;кредитная история в банке;;;;;;;;;;
;кредитные карты с 18 лет без справки о доходах;кредитные карты по почте с плохой кредитной историей;;;;;;;;;;
;заявка на получение кредитной карты;кредитная карта с плохой историей;;;;;;;;;;
;кредитные карты с большим льготный период;кредитные онлайн;;;;;;;;;;
;кредитная карта с временной регистрацией;наличные с плохой кредитной историей;;;;;;;;;;
;кредитная история в банке;срочно нужна кредитная карта;;;;;;;;;;
;кредитные карты по почте с плохой кредитной историей;получить кредитную карту срочно;;;;;;;;;;
;кредитные карты по почте с плохой кредитной историей;кредитные карты онлайн в день обращения;;;;;;;;;;
;кредитная карта с плохой историей;что нужно для получения кредитной карты;;;;;;;;;;
;кредитные онлайн;помощь в оформлении кредитной карты;;;;;;;;;;
;наличные с плохой кредитной историей;кредитная карта с большим лимитом;;;;;;;;;;
;срочно нужна кредитная карта;уберем кредитную историю;;;;;;;;;;
;получить кредитную карту срочно;отправить заявку на кредитную карту;;;;;;;;;;
;кредитные карты онлайн в день обращения;кредитная карта объявление;;;;;;;;;;
;что нужно для получения кредитной карты;кредитная карта условия получения;;;;;;;;;;
;помощь в оформлении кредитной карты;кредитные карты с 18 лет без справок;;;;;;;;;;
;кредитная карта с большим лимитом;кредитная карта с нулевым лимитом;;;;;;;;;;
;уберем кредитную историю;заявка на кредитную карту по почте;;;;;;;;;;
;отправить заявку на кредитную карту;заявка на кредитную историю;;;;;;;;;;
;кредитная карта объявление;оформить кредитную карту для студентов;;;;;;;;;;
;кредитная карта условия получения;кредитные карточки по почте;;;;;;;;;;
;кредитные карты с 18 лет без справок;кредитные карты банка онлайн;;;;;;;;;;
;кредитная карта с нулевым лимитом;условия выдачи кредитной карты;;;;;;;;;;
;заявка на кредитную карту по почте;;;;;;;;;;;
;заявка на кредитную историю;;;;;;;;;;;
;оформить кредитную карту для студентов;;;;;;;;;;;
;кредитные карточки по почте;;;;;;;;;;;
;кредитные карты банка онлайн;;;;;;;;;;;
;условия выдачи кредитной карты;;;;;;;;;;;
;;;;;;;;;;;;
;;;;;;;;;;;;
;;;;;;;;;;;;
4;дам денег в долг;дам денег в долг;;;;;;;;;;
;дайте денег в долг;дайте денег в долг;;;;;;;;;;
;дай дeнег в долг;дай дeнег в долг;;;;;;;;;;
;дам денег в долг под расписку;дам денег в долг под расписку;;;;;;;;;;
;даю денег в долг под расписку;даю денег в долг под расписку;;;;;;;;;;
;дать денег в долг под расписку;дать денег в долг под расписку;;;;;;;;;;
;в долг ру;в долг ру;;;;;;;;;;
;взять в долг денег;взять в долг денег;;;;;;;;;;
;возьму денег в долг у частных лиц;возьму денег в долг у частных лиц;;;;;;;;;;
;дам денег в долг под проценты;дам денег в долг под проценты;;;;;;;;;;
;расписка в получении денег в долг;расписка в получении денег в долг;;;;;;;;;;
;дам в долг;дам в долг;;;;;;;;;;
;дайте в долг;дайте в долг;;;;;;;;;;
;даю в долг;даю в долг;;;;;;;;;;
;даем в долг;даем в долг;;;;;;;;;;
;дам в долг под расписку;дам в долг под расписку;;;;;;;;;;
;дают в долг под расписку;дают в долг под расписку;;;;;;;;;;
;даю в долг под расписку;даю в долг под расписку;;;;;;;;;;
;дам в долг денег частное лицо;дам в долг денег частное лицо;;;;;;;;;;
;частное лицо даст денег в долг;частное лицо даст денег в долг;;;;;;;;;;
;взыскание долга по расписке;взыскание долга по расписке;;;;;;;;;;
;взять денег в долг под расписку;взять денег в долг под расписку;;;;;;;;;;
;как выбить долги;как выбить долги;;;;;;;;;;
;в долг;в долг;;;;;;;;;;
;дам в долг под проценты;дам в долг под проценты;;;;;;;;;;
;даю в долг под проценты;даю в долг под проценты;;;;;;;;;;
;взять денег в долг срочно;взять денег в долг срочно;;;;;;;;;;
;взять в долг;взять в долг;;;;;;;;;;
;денег в долг под проценты;денег в долг под проценты;;;;;;;;;;
;занять денег в долг;занять денег в долг;;;;;;;;;;
;как вылезти из долга;как вылезти из долга;;;;;;;;;;
;взять в долг у частного лица;взять в долг у частного лица;;;;;;;;;;
;частное лицо даст в долг;частное лицо даст в долг;;;;;;;;;;
;дам в долг частное лицо;дам в долг частное лицо;;;;;;;;;;
;даю в долг частное лицо;даю в долг частное лицо;;;;;;;;;;
;дам денег в долг срочно;дам денег в долг срочно;;;;;;;;;;
;дайте в долг денег срочно;дайте в долг денег срочно;;;;;;;;;;
;дай денег в долг срочно;дай денег в долг срочно;;;;;;;;;;
;взять денег в долг под проценты;взять денег в долг под проценты;;;;;;;;;;
;как взять в долг на utel;как взять в долг на utel;;;;;;;;;;
;возьму в долг под проценты;возьму в долг под проценты;;;;;;;;;;
;долг банкам;долг банкам;;;;;;;;;;
;дам денег в долг без залога;дам денег в долг без залога;;;;;;;;;;
;взять в долг под расписку;взять в долг под расписку;;;;;;;;;;
;в долг под расписку;в долг под расписку;;;;;;;;;;
;денег в долг до зарплаты;денег в долг до зарплаты;;;;;;;;;;
;в долг под проценты;в долг под проценты;;;;;;;;;;
;взять в долг у теле2;взять в долг у теле2;;;;;;;;;;
;в долг у частного лица;в долг у частного лица;;;;;;;;;;
;дам в долг ру;дам в долг ру;;;;;;;;;;
;наличные в долг;наличные в долг;;;;;;;;;;
;в долг денег частных лиц;в долг денег частных лиц;;;;;;;;;;
;срочно возьму в долг;срочно возьму в долг;;;;;;;;;;
;в долг срочно;в долг срочно;;;;;;;;;;
;взять в долг в интернете;взять в долг в интернете;;;;;;;;;;
;денежные долги;денежные долги;;;;;;;;;;
;рекстуризация долга;рекстуризация долга;;;;;;;;;;
;займу в долг;займу в долг;;;;;;;;;;
;денег в долг не в банке;денег в долг не в банке;;;;;;;;;;
;в долг до зарплаты;в долг до зарплаты;;;;;;;;;;
;дам в долг без залога;дам в долг без залога;;;;;;;;;;
;даю в долг без залога;даю в долг без залога;;;;;;;;;;
;дам в долг срочно;дам в долг срочно;;;;;;;;;;
;дам денег в долг под расписку срочно;дам денег в долг под расписку срочно;;;;;;;;;;
;дам денег в долг объявления;дам денег в долг объявления;;;;;;;;;;
;срочно возьму в долг денег у частных лиц;срочно возьму в долг денег у частных лиц;;;;;;;;;;
;дам денег в долг под проценты без залога;дам денег в долг под проценты без залога;;;;;;;;;;
;объявления дам в долг;объявления дам в долг;;;;;;;;;;
;10000 в долг;10000 в долг;;;;;;;;;;
;помощь в возвращении долга;помощь в возвращении долга;;;;;;;;;;
;дeньги в долг в новокузнeцкe;дeньги в долг в новокузнeцкe;;;;;;;;;;
;день в долг;день в долг;;;;;;;;;;
;возьму в долг под проценты у частного лица;возьму в долг под проценты у частного лица;;;;;;;;;;
;частный долг;частный долг;;;;;;;;;;
;взять денег в долг быстро;взять денег в долг быстро;;;;;;;;;;
;люди дайте денег в долг;люди дайте денег в долг;;;;;;;;;;
;авто в долг;авто в долг;;;;;;;;;;
;взять в долг с 18 лет;взять в долг с 18 лет;;;;;;;;;;
;вся в долгах что делать;вся в долгах что делать;;;;;;;;;;
;дам денег в долг под проценты частное лицо;дам денег в долг под проценты частное лицо;;;;;;;;;;
;дам в долг всем;дам в долг всем;;;;;;;;;;
;помощь с долгами;помощь с долгами;;;;;;;;;;
;50000 в долг;50000 в долг;;;;;;;;;;
;даю всем в долг;даю всем в долг;;;;;;;;;;
;;;;;;;;;;;;
;;;;;;;;;;;;
;;;;;;;;;;;;
5;автокредит без первоначального взноса;автокредит без первоначального взноса;;;;;;;;;;
;автокредит без каско;автокредит без каско;;;;;;;;;;
;выгодный автокредит;выгодный автокредит;;;;;;;;;;
;автокредит по двум документам;автокредит по двум документам;;;;;;;;;;
;автокредит онлайн;автокредит онлайн;;;;;;;;;;
;автокредит без справок и поручителей;автокредит без справок и поручителей;;;;;;;;;;
;автокредит без первого взноса;автокредит без первого взноса;;;;;;;;;;
;автокредит по двум документам без первоначального взноса;автокредит по двум документам без первоначального взноса;;;;;;;;;;
;автокредит онлайн заявка;автокредит онлайн заявка;;;;;;;;;;
;условия автокредита;условия автокредита;;;;;;;;;;
;автокредиты банков;автокредиты банков;;;;;;;;;;
;автокредит без первоначального взноса на подержанный автомобиль;автокредит без первоначального взноса на подержанный автомобиль;;;;;;;;;;
;автокредит в банке;автокредит в банке;;;;;;;;;;
;автокредит ставки;автокредит ставки;;;;;;;;;;
;безпроцентный автокредит;безпроцентный автокредит;;;;;;;;;;
;помощь в получении автокредита;помощь в получении автокредита;;;;;;;;;;
;взять автокредит;взять автокредит;;;;;;;;;;
;взять автокредит без первоначального взноса;взять автокредит без первоначального взноса;;;;;;;;;;
;автокредит с 20 лет;автокредит с 20 лет;;;;;;;;;;
;автокредит с 18 лет;автокредит с 18 лет;;;;;;;;;;
;автокредит по 2 документам;автокредит по 2 документам;;;;;;;;;;
;автокредит в автосалоне;автокредит в автосалоне;;;;;;;;;;
;самые низкие проценты по автокредиту;самые низкие проценты по автокредиту;;;;;;;;;;
;автокредит наличными;автокредит наличными;;;;;;;;;;
;автокредит без процентов;автокредит без процентов;;;;;;;;;;
;оформить автокредит онлайн;оформить автокредит онлайн;;;;;;;;;;
;автокредит без справок;автокредит без справок;;;;;;;;;;
;подать онлайн заявку на автокредит;подать онлайн заявку на автокредит;;;;;;;;;;
;онлайн заявка на автокредит без первоначального взноса;онлайн заявка на автокредит без первоначального взноса;;;;;;;;;;
;автокредит на 10 лет;автокредит на 10 лет;;;;;;;;;;
;автокредит на авто с пробегом;автокредит на авто с пробегом;;;;;;;;;;
;автокредит без первоначального взноса банки;автокредит без первоначального взноса банки;;;;;;;;;;
;автокредит без взноса;автокредит без взноса;;;;;;;;;;
;взять автокредит без справок и поручителей;взять автокредит без справок и поручителей;;;;;;;;;;
;автокредит без первоначального взноса и каско;автокредит без первоначального взноса и каско;;;;;;;;;;
;быстрый автокредит;быстрый автокредит;;;;;;;;;;
;автокредит 0;автокредит 0;;;;;;;;;;
;получить автокредит;получить автокредит;;;;;;;;;;
;автокредит с пробегом;автокредит с пробегом;;;;;;;;;;
;автокредит 0 годовых;автокредит 0 годовых;;;;;;;;;;
;оформить заявку на автокредит;оформить заявку на автокредит;;;;;;;;;;
;автокредит на выгодных условиях;автокредит на выгодных условиях;;;;;;;;;;
;оформить автокредит;оформить автокредит;;;;;;;;;;
;автокредиты на новые автомобили;автокредиты на новые автомобили;;;;;;;;;;
;автокредит с 21 года;автокредит с 21 года;;;;;;;;;;
;автокредит помощь;автокредит помощь;;;;;;;;;;
;автокредит под низкий процент;автокредит под низкий процент;;;;;;;;;;
;автокредит с первоначальным взносом 10;автокредит с первоначальным взносом 10;;;;;;;;;;
;низкий процент автокредит;низкий процент автокредит;;;;;;;;;;
;автокредит без первоначального взноса без справок и поручителей;автокредит без первоначального взноса без справок и поручителей;;;;;;;;;;
;помощь в оформлении автокредита;помощь в оформлении автокредита;;;;;;;;;;
;автокредит заявка;автокредит заявка;;;;;;;;;;
;автокредиты тулы;автокредиты тулы;;;;;;;;;;
;автокредит без первоначального взноса онлайн;автокредит без первоначального взноса онлайн;;;;;;;;;;
;автокредит для женщин;автокредит для женщин;;;;;;;;;;
;автокредит без залога;автокредит без залога;;;;;;;;;;
;автокредит без первоначального;автокредит без первоначального;;;;;;;;;;
;автокредиты с 18 лет без справок о доходах;автокредиты с 18 лет без справок о доходах;;;;;;;;;;
;автокредит за час;автокредит за час;;;;;;;;;;
;оформить заявку на автокредит онлайн;оформить заявку на автокредит онлайн;;;;;;;;;;
;автокредит срочно;автокредит срочно;;;;;;;;;;
;срочный автокредит;срочный автокредит;;;;;;;;;;
;автокредит на автомобили с пробегом;автокредит на автомобили с пробегом;;;;;;;;;;
;автокредит без первоначального взноса без справок;автокредит без первоначального взноса без справок;;;;;;;;;;
;получение автокредита;получение автокредита;;;;;;;;;;
;автокредит подать заявку;автокредит подать заявку;;;;;;;;;;
;автокредит 2 9;автокредит 2 9;;;;;;;;;;
;автокредит 0 первоначальный взнос;автокредит 0 первоначальный взнос;;;;;;;;;;
